"","GEOID","total","hh.net","hh.net.share","pop2013","pop2018","r2013","r2018","r_diff","r_diff_tr","un13","white2013share","income2013","names","area_h","commuting.minutes2013","service2013","commuting.minutes2005","names.full","bachelors2005","uni.freq"
"1","10140",26815,18781,0.70039157188141,71078,73901,481,474,7,0.506809338521401,14.9,0.876980218914432,22525,"Aberdeen, WA",492621.8548,24,76.8,19.8,"Aberdeen, WA Micro Area",7.5,0
"2","10180",60588,39975,0.659784115666469,168144,174006,250,249,1,0.500972762645914,5.3,0.824174517080598,20994,"Abilene, TX",710557.7372,16.9,86.7,16.7,"Abilene, TX Metro Area",14.2,0
"3","10300",37270,27212,0.730131473034612,99188,98266,388,395,-7,0.493190661478599,8.9,0.924416260031455,23562,"Adrian, MI",194133.9768,25.4,71.9,24.3,"Adrian, MI Micro Area",13.1,0
"4","10420",281324,209998,0.746463152806017,705686,704845,78,83,-5,0.495136186770428,9.4,0.826605600791287,25830,"Akron, OH",233161.9578,23.1,77.2,22.4,"Akron, OH Metro Area",18.4,2
"5","10500",56505,35652,0.630953013007698,156277,151158,264,281,-17,0.483463035019455,15.6,0.429525777945571,20424,"Albany, GA",500540.2344,20.3,79.3,19.1,"Albany, GA Metro Area",11.5,0
"6","10540",43911,32856,0.748240759718522,118765,127335,342,326,16,0.51556420233463,11.1,0.934079905696123,21322,"Albany, OR",593281.5078,22.3,74.9,22.5,"Albany-Lebanon, OR Micro Area",10.9,0
"7","10580",347942,270920,0.778635519713056,877905,883169,62,64,-2,0.498054474708171,7.5,0.843827065570876,30400,"Albany-Schenectady-Troy, NY",728210.6737,22.4,86.3,22.3,"Albany-Schenectady-Troy, NY Metro Area",16.9,2
"8","10700",33738,20287,0.601310095441342,94760,96109,404,405,-1,0.499027237354086,9.4,0.932513718868721,19621,"Albertville, AL",146552.4083,21.9,65.7,23.2,"Albertville, AL Micro Area",9.8,0
"9","10740",336614,238321,0.707994914055862,901932,916791,60,61,-1,0.499027237354086,8.1,0.770504871764168,25717,"Albuquerque, NM",2404125.6743,22.8,85.4,23.5,"Albuquerque, NM Metro Area",16.9,1
"10","10780",55320,37385,0.675795372378886,154753,153044,268,275,-7,0.493190661478599,10,0.665150271723327,22318,"Alexandria, LA",507906.2315,25.2,80,21.3,"Alexandria, LA Metro Area",13.6,0
"11","10900",313226,236910,0.756354836443973,827048,842913,69,70,-1,0.499027237354086,8.9,0.83852206885211,27190,"Allentown-Bethlehem-Easton, PA-NJ",376387.9943,27,78.7,26.7,"Allentown-Bethlehem-Easton, PA-NJ Metro Area",16.1,1
"12","11020",51284,36070,0.70333827314562,126314,122492,328,338,-10,0.490272373540856,4.8,NA,22340,"Altoona, PA",136181.5246,18.8,80.6,19.8,"Altoona, PA Metro Area",11.1,0
"13","11100",96382,69396,0.720009960366043,259164,268356,184,184,0,0.5,4.7,0.855145776419564,26285,"Amarillo, TX",1333882.9042,18.4,79.5,17,"Amarillo, TX Metro Area",15.2,0
"14","11180",36340,30055,0.82705008255366,92406,98105,412,396,16,0.51556420233463,4.2,0.882507629374716,19876,"Ames, IA",148323.526,16.7,82.9,15.5,"Ames, IA Metro Area",26.8,1
"15","11260",133717,113126,0.846010604485593,396142,399148,135,135,0,0.5,7.4,0.698459138389769,33771,"Anchorage, AK",6815497.5065,22.8,85.1,21.6,"Anchorage, AK Metro Area",18.6,0
"16","11460",137728,113655,0.825213464219331,354240,370963,148,145,3,0.502918287937743,7.8,0.742956752484191,30240,"Ann Arbor, MI",182843.3678,22.9,85.7,22.5,"Ann Arbor, MI Metro Area",25.5,2
"17","11500",43851,29618,0.675423593532645,116736,114277,348,355,-7,0.493190661478599,15.8,0.751927425986842,20792,"Anniston-Oxford-Jacksonville, AL",156924.5411,25.8,77.6,23.4,"Anniston-Oxford, AL Metro Area",12,0
"18","11540",89376,70277,0.786307286072324,229962,237524,197,195,2,0.501945525291829,3.6,0.907993494577365,30421,"Appleton, WI",247549.4072,20,68.9,18.5,"Appleton, WI Metro Area",17.3,0
"19","11700",182426,131899,0.723027419337156,437657,459585,119,118,1,0.500972762645914,6.4,0.908190660722895,23127,"Asheville, NC",526535.7913,21.2,79.8,21.5,"Asheville, NC Metro Area",18.4,0
"20","11780",39393,27063,0.687000228466986,99811,97493,387,402,-15,0.485408560311284,8.3,NA,21330,"Ashtabula, OH",181800.8353,27.7,67.1,26.2,"Ashtabula, OH Micro Area",7.6,0
"21","11980",28070,14831,0.528357677235483,78675,82299,456,443,13,0.512645914396887,10.1,0.890791229742612,20206,"Athens, TX",226294.1927,27.7,80.3,27.5,"Athens, TX Micro Area",9.8,0
"22","12020",71847,51296,0.713961612871797,197357,211802,222,215,7,0.506809338521401,9,0.730858292333183,19105,"Athens-Clarke County, GA",265435.3088,22.7,82.3,21.9,"Athens-Clarke County, GA Metro Area",18.5,1
"23","12060",1954348,1548378,0.792273433390573,5524693,5950828,9,9,0,0.5,9.8,0.561047283532316,28431,"Atlanta-Sandy Springs-Roswell, GA",2248580.951,30,84.7,31.1,"Atlanta-Sandy Springs-Marietta, GA Metro Area",22.7,5
"24","12100",101721,76292,0.750012288514663,275862,265429,171,188,-17,0.483463035019455,12.4,0.686934046733512,24482,"Atlantic City-Hammonton, NJ",143925.6827,24.7,89.9,23,"Atlantic City, NJ Metro Area",16.9,0
"25","12180",30784,21749,0.706503378378378,79477,77145,452,460,-8,0.492217898832685,6.2,0.925513041508864,25404,"Auburn, NY",179121.4123,22.3,74.2,22.9,"Auburn, NY Micro Area",9.1,0
"26","12220",56840,41997,0.738863476425053,150933,163941,278,264,14,0.513618677042802,5.6,0.690054527505582,24032,"Auburn-Opelika, AL",157355.2324,21.7,83.2,19.5,"Auburn-Opelika, AL Metro Area",15.8,1
"27","12260",204221,140237,0.686692357788866,581551,605903,93,93,0,0.5,11.8,0.59231950422233,22309,"Augusta-Richmond County, GA-SC",901500.4609,23.4,80.1,22.1,"Augusta-Richmond County, GA-SC Metro Area",14.5,0
"28","12300",50670,36366,0.717702782711664,121164,122083,338,339,-1,0.499027237354086,7.7,0.958238420652999,23076,"Augusta-Waterville, ME",224680.6175,22.4,81.9,23.7,"Augusta-Waterville, ME Micro Area",15.7,0
"29","12420",688938,566026,0.821592073597334,1883051,2168316,36,30,6,0.505836575875486,6.3,0.797763310712243,30765,"Austin-Round Rock, TX",1093349.6832,26.4,82.9,25.1,"Austin-Round Rock, TX Metro Area",26.1,2
"30","12540",257183,179094,0.69636795589133,864124,896764,63,63,0,0.5,12.3,0.747795455281881,20916,"Bakersfield, CA",2106172.3516,23.2,69.9,21.8,"Bakersfield, CA Metro Area",10.5,0
"31","12580",1037921,818773,0.788858689630521,2770738,2802789,20,21,-1,0.499027237354086,7.3,0.614948075205956,34886,"Baltimore-Columbia-Towson, MD",673790.2107,30.8,88.1,29,"Baltimore-Towson, MD Metro Area",19.2,3
"32","12620",62039,44690,0.720353326133561,153364,151096,271,283,-12,0.488326848249027,7.8,0.953307164654026,21158,"Bangor, ME",879907.4164,21.4,85.5,26.3,"Bangor, ME Metro Area",14.2,1
"33","12700",94479,77398,0.819208501360091,214990,213413,207,213,-6,0.494163424124514,7.8,0.925968649704637,30047,"Barnstable Town, MA",101971.9638,24.2,85.4,23.3,"Barnstable Town, MA Metro Area",22.9,0
"34","12940",301385,212132,0.70385719262737,820159,831310,70,72,-2,0.498054474708171,7.4,0.599747122204353,27059,"Baton Rouge, LA",1042956.7733,26.9,79.5,26.1,"Baton Rouge, LA Metro Area",15.2,1
"35","12980",52980,35026,0.661117402793507,135012,134487,310,313,-3,0.497081712062257,8.8,0.820527064260955,24134,"Battle Creek, MI",182924.9871,21,72.9,18.2,"Battle Creek, MI Metro Area",11.4,0
"36","13020",44918,31288,0.696558172670199,106832,103923,368,375,-7,0.493190661478599,7.6,0.94824584394189,21770,"Bay City, MI",114555.766,21.9,78.3,20.5,"Bay City, MI Metro Area",12.1,0
"37","13140",150700,101905,0.67621101526211,403622,410233,133,132,1,0.500972762645914,8,0.705952599214116,23748,"Beaumont-Port Arthur, TX",785890.4931,21.8,75.5,20.9,"Beaumont-Port Arthur, TX Metro Area",11.9,0
"38","13180",31784,22352,0.703246916687642,88344,87847,422,419,3,0.502918287937743,5.9,0.943040840351354,24517,"Beaver Dam, WI",226798.5235,21.9,61.5,22.4,"Beaver Dam, WI Micro Area",10.6,0
"39","13220",47633,32263,0.677324543908635,124432,117272,335,350,-15,0.485408560311284,8.8,0.898940786935836,19261,"Beckley, WV",328135.0429,24.6,80.1,26.7,"Beckley, WV Micro Area",8.9,0
"40","13380",78330,62034,0.791957104557641,206353,225685,214,203,11,0.510700389105058,8,0.855752036558712,23418,"Bellingham, WA",545649.2712,20.9,79.1,19.4,"Bellingham, WA Metro Area",21,0
"41","13460",65065,50761,0.780158303235226,165954,191996,252,231,21,0.520428015564202,6.5,0.938621545729539,24464,"Bend-Redmond, OR",781704.5489,17.5,81.4,18.5,"Bend, OR Metro Area",21,0
"42","13740",66597,50518,0.75856269801943,165730,171894,253,252,1,0.500972762645914,4.5,0.906335606106317,26169,"Billings, MT",1516555.4419,19.4,83.2,17.5,"Billings, MT Metro Area",19.9,0
"43","13780",96729,72539,0.749919879250277,247777,240219,189,194,-5,0.495136186770428,8.1,0.888561085169326,23277,"Binghamton, NY",317111.6711,19.9,81.1,20.2,"Binghamton, NY Metro Area",14.4,1
"44","13820",431462,291904,0.676546254363073,1140300,1151801,50,50,0,0.5,7.7,0.667139349294045,25489,"Birmingham-Hoover, AL",1367510.7149,26.1,83.1,26.1,"Birmingham-Hoover, AL Metro Area",16.5,1
"45","13900",50980,37961,0.744625343271871,124817,132317,332,318,14,0.513618677042802,2.3,0.888372577453392,33833,"Bismarck, ND",1392249.9393,18.5,81.1,17.9,"Bismarck, ND Metro Area",21.9,0
"46","13980",69246,49284,0.711723420847414,179738,181926,236,235,1,0.500972762645914,5.2,0.896082075020307,21459,"Blacksburg-Christiansburg-Radford, VA",376322.1779,20.7,79.6,18,"Blacksburg-Christiansburg-Radford, VA Metro Area",16.2,1
"47","14020",61647,44864,0.727756419614904,163089,167762,257,260,-3,0.497081712062257,6.2,0.891740092832748,19334,"Bloomington, IN",201973.3549,19,83.5,21.6,"Bloomington, IN Metro Area",15.4,1
"48","14100",33976,23572,0.693783847421709,85338,83696,429,437,-8,0.492217898832685,6.6,NA,24610,"Bloomsburg-Berwick, PA",158856.6913,21.1,77.4,21.1,"Bloomsburg-Berwick, PA Micro Area",12.2,0
"49","14140",43087,26030,0.604126534685636,106087,99986,369,387,-18,0.482490272373541,7.9,0.925457407599423,19148,"Bluefield, WV-VA",242893.4069,22,78.9,24.5,"Bluefield, WV-VA Micro Area",10.1,0
"50","14260",233789,179451,0.767576746553516,649321,732257,84,81,3,0.502918287937743,6.9,0.914154940314575,25184,"Boise City, ID",3047293.3785,21.5,79.8,21.5,"Boise City-Nampa, ID Metro Area",18.7,1
"51","14460",1763437,1447666,0.820934345825794,4684299,4875390,10,10,0,0.5,7.2,0.77802036121093,33757,"Boston-Cambridge-Newton, MA-NH",903288.2339,30,86,28.6,"Boston-Cambridge-Quincy, MA-NH Metro Area",22.8,10
"52","14500",123498,107145,0.867584900160327,310048,326078,163,156,7,0.506809338521401,6.1,0.869829832800083,31664,"Boulder, CO",188121.2055,23.3,84.6,21.5,"Boulder, CO Metro Area",33.9,1
"53","14540",62741,44878,0.71528984236783,163300,177183,256,245,11,0.510700389105058,6,0.861610532761788,22980,"Bowling Green, KY",418260.5024,21.2,77.5,20.9,"Bowling Green, KY Metro Area",17,0
"54","14580",37767,32526,0.861228056239574,94720,111876,405,358,47,0.545719844357977,6.3,0.951393581081081,27423,"Bozeman, MT",674619.7554,15.7,79.3,15.6,"Bozeman, MT Micro Area",30.6,1
"55","14660",39510,28960,0.732978992660086,91763,94408,415,408,7,0.506809338521401,5.7,0.928576877390669,25016,"Brainerd, MN",782165.4964,22.9,79.9,20.3,"Brainerd, MN Micro Area",14.5,0
"56","14700",34561,22684,0.656346749226006,84872,87601,431,421,10,0.509727626459144,10.2,0.944481100952022,19094,"Branson, MO",283986.033,21.2,84.4,24,"Branson, MO Micro Area",10.6,0
"57","14740",97854,82793,0.846087027612566,253968,269805,187,183,4,0.503891050583658,6.9,0.82032382032382,31273,"Bremerton-Silverdale, WA",102289.5431,30.1,83.3,28.5,"Bremerton-Silverdale, WA Metro Area",17.3,0
"58","14860",328062,273376,0.833305899494608,939904,943823,58,59,-1,0.499027237354086,9.5,0.734917608606836,32677,"Bridgeport-Stamford-Norwalk, CT",161866.4455,29.9,84.4,28.5,"Bridgeport-Stamford-Norwalk, CT Metro Area",24.9,0
"59","15180",118546,63643,0.536863327315979,417276,423908,126,128,-2,0.498054474708171,12.5,0.93213125125816,17126,"Brownsville-Harlingen, TX",230783.9892,20.4,86.2,18.8,"Brownsville-Harlingen, TX Metro Area",9.3,0
"60","15260",42749,30366,0.710332405436384,113007,116864,354,351,3,0.502918287937743,9.8,0.721282752395869,21656,"Brunswick, GA",333203.9102,21.3,84.7,20.4,"Brunswick, GA Metro Area",14.9,0
"61","15380",469897,336233,0.715546172884696,1134115,1130152,51,51,0,0.5,7.8,0.80362397111404,26905,"Buffalo-Cheektowaga-Niagara Falls, NY",405346.1568,20.6,83.7,20.3,"Buffalo-Niagara Falls, NY Metro Area",14.3,1
"62","15500",59200,39566,0.668344594594595,154378,166436,269,263,6,0.505836575875486,6.9,0.690072419645286,22718,"Burlington, NC",109803.8862,22.8,75.4,22.3,"Burlington, NC Metro Area",14.5,0
"63","15540",84400,69843,0.827523696682465,215539,220612,205,205,0,0.5,5.6,0.92982244512594,28778,"Burlington-South Burlington, VT",324326.8574,22.5,82,20.9,"Burlington-South Burlington, VT Metro Area",23.9,1
"64","15940",160166,115507,0.721170535569347,403707,398655,132,136,-4,0.496108949416342,8.4,0.891270153849202,23748,"Canton-Massillon, OH",251212.0672,21.8,75,21,"Canton-Massillon, OH Metro Area",12.6,0
"65","15980",241238,188110,0.77976935640322,661115,754610,82,77,5,0.504863813229572,10,0.840053545903511,22960,"Cape Coral-Fort Myers, FL",203144.3679,28,87.1,24.5,"Cape Coral-Fort Myers, FL Metro Area",15.1,0
"66","16020",36158,23078,0.638254328226119,95463,93647,403,409,-6,0.494163424124514,6.8,0.880288698239108,21930,"Cape Girardeau, MO-IL",370876.2131,21.5,80.7,20.3,"Cape Girardeau-Jackson, MO-IL Micro Area",13.7,0
"67","16220",32665,24363,0.745844175723251,80973,79115,447,453,-6,0.494163424124514,6.3,0.915650895977672,32229,"Casper, WY",1383187.0242,18.2,77.7,15.8,"Casper, WY Metro Area",14.8,0
"68","16300",105035,80254,0.764069119817204,262421,272295,181,180,1,0.500972762645914,5.1,0.909553732361358,30122,"Cedar Rapids, IA",520268.6443,19.5,74,18.8,"Cedar Rapids, IA Metro Area",17.5,0
"69","16500",29040,20793,0.716012396694215,75081,79604,469,450,19,0.518482490272374,12,0.911508903717319,22439,"Centralia, WA",622322.3859,24.5,80,24.9,"Centralia, WA Micro Area",10.5,0
"70","16540",59145,42018,0.710423535379153,152085,154835,273,272,1,0.500972762645914,7.3,0.933109774139462,30138,"Chambersburg-Waynesboro, PA",200005.2119,23.6,73.1,22.8,"Chambersburg, PA Micro Area",9.6,0
"71","16580",90474,72288,0.798991975595199,234089,237356,194,196,-2,0.498054474708171,6.4,0.772710379385618,22391,"Champaign-Urbana, IL",497545.8579,19,87.3,17.4,"Champaign-Urbana, IL Metro Area",21,1
"72","16620",95251,67997,0.713871770375114,224727,211285,199,216,-17,0.483463035019455,7.9,0.899090896954972,24278,"Charleston, WV",452056.4666,23.1,85,22.7,"Charleston, WV Metro Area",12.1,0
"73","16700",268003,197958,0.738640985362104,712220,787643,77,75,2,0.501945525291829,8.4,0.670768863553396,27130,"Charleston-North Charleston, SC",670375.6813,23.6,83.3,23.6,"Charleston-North Charleston, SC Metro Area",18.7,0
"74","16740",859709,649385,0.755354428068102,2335358,2569213,23,23,0,0.5,9.5,0.683347478202485,26725,"Charlotte-Concord-Gastonia, NC-SC",1312282.4461,26,81.3,25.3,"Charlotte-Gastonia-Concord, NC-SC Metro Area",21.5,1
"75","16820",84595,62521,0.739062592351794,225531,231565,198,199,-1,0.499027237354086,4.8,0.781630906615942,30454,"Charlottesville, VA",575937.2808,25.6,88.2,22.7,"Charlottesville, VA Metro Area",20.1,1
"76","16860",209304,149769,0.715557275541796,540387,558703,100,100,0,0.5,7.9,0.818054468371741,22748,"Chattanooga, TN-GA",541046.6556,23.2,78.7,23.2,"Chattanooga, TN-GA Metro Area",14.7,0
"77","16940",35785,29049,0.811764705882353,95809,98976,401,391,10,0.509727626459144,5.3,0.880094771889906,30604,"Cheyenne, WY",695649.9752,15.8,84.5,14.3,"Cheyenne, WY Metro Area",13.2,0
"78","16980",3450331,2647626,0.76735420456762,9537040,9497790,3,3,0,0.5,9.8,0.667926526469429,29493,"Chicago-Naperville-Elgin, IL-IN-WI",1864018.0253,30.8,82,31,"Chicago-Naperville-Joliet, IL-IN-WI Metro Area",19.9,7
"79","17020",85158,65231,0.765999671199418,222090,231256,201,200,1,0.500972762645914,9.3,0.833837633391868,20598,"Chico, CA",423842.2715,19,85.3,21.8,"Chico, CA Metro Area",17.9,0
"80","17060",28189,19258,0.683174287842776,77910,76931,461,461,0,0.5,11.1,NA,21687,"Chillicothe, OH",178498.7273,27.2,68.3,25.3,"Chillicothe, OH Micro Area",8.3,0
"81","17140",822005,616892,0.750472320727976,2134109,2189442,29,29,0,0.5,7.6,0.829948236008564,27129,"Cincinnati, OH-KY-IN",1078868.4057,24.4,80.8,23.3,"Cincinnati-Middletown, OH-KY-IN Metro Area",16.9,2
"82","17220",36087,23552,0.652644996813257,89801,89718,418,417,1,0.500972762645914,8,NA,22778,"Clarksburg, WV",235300.05,23.5,82.2,24.8,"Clarksburg, WV Micro Area",11.9,0
"83","17300",96258,70207,0.729362754264581,272452,290745,174,169,5,0.504863813229572,9.7,0.728359490846094,25907,"Clarksville, TN-KY",439807.5054,21.8,78.5,23.8,"Clarksville, TN-KY Metro Area",13,0
"84","17420",46157,28716,0.622137487271703,120384,124748,339,333,6,0.505836575875486,10.2,0.933512759170654,21895,"Cleveland, TN",197728.3659,23,74.9,21.4,"Cleveland, TN Metro Area",10.2,0
"85","17460",844428,617598,0.731380295300487,2064725,2057009,30,33,-3,0.497081712062257,8.9,0.743535337635763,26520,"Cleveland-Elyria, OH",517447.087,24.7,80.3,24,"Cleveland-Elyria-Mentor, OH Metro Area",16.6,2
"86","17660",55836,44077,0.78940110323089,144265,161505,294,268,26,0.525291828793774,7.9,0.939888399819776,25799,"Coeur d'Alene, ID",322228.1604,21,78.9,22.1,"Coeur d'Alene, ID Metro Area",12.7,0
"87","17780",85573,60293,0.704579715564489,238939,265024,192,190,2,0.501945525291829,7.5,0.731609322881572,18829,"College Station-Bryan, TX",543968.0731,17.6,80.7,19.2,"College Station-Bryan, TX Metro Area",21.9,0
"88","17820",250601,213077,0.850263965427113,678319,738939,80,80,0,0.5,8.8,0.803337367816617,29117,"Colorado Springs, CO",695130.2281,22.4,85.3,22.6,"Colorado Springs, CO Metro Area",21.1,1
"89","17860",67680,54160,0.800236406619385,170773,180005,243,239,4,0.503891050583658,4.2,0.830833914026222,22043,"Columbia, MO",177551.3856,16.6,90,18.2,"Columbia, MO Metro Area",27.6,1
"90","17900",296310,210157,0.709247072322905,793360,833165,73,71,2,0.501945525291829,9.6,0.603157456892205,25483,"Columbia, SC",959068.6398,23.9,83.5,23.7,"Columbia, SC Metro Area",18.8,1
"91","17980",110901,70847,0.638831029476741,314519,307149,159,163,-4,0.496108949416342,13.1,0.5135015690626,22149,"Columbus, GA-AL",501477.7653,21,83.9,21,"Columbus, GA-AL Metro Area",13.9,0
"92","18020",30359,22266,0.733423367041075,79587,82753,451,441,10,0.509727626459144,5.2,0.859864048148567,27330,"Columbus, IN",105385.0604,18.8,55.8,19.6,"Columbus, IN Metro Area",13.9,0
"93","18140",750394,585266,0.779944935593835,1967066,2106541,33,32,1,0.500972762645914,6.3,0.778244349706619,28283,"Columbus, OH",1242353.2141,23.3,84.9,22.5,"Columbus, OH Metro Area",20.7,1
"94","18180",55085,44205,0.802487065444313,146849,151132,291,282,9,0.50875486381323,5,0.947844384367616,31325,"Concord, NH",241939.7118,25.6,80.6,24.8,"Concord, NH Micro Area",22.8,0
"95","18260",43720,24956,0.570814272644099,107526,111825,364,359,5,0.504863813229572,10.2,0.954513327009281,18263,"Cookeville, TN",296091.989,24.4,74.6,22.5,"Cookeville, TN Micro Area",12.2,1
"96","18300",26317,16758,0.636774708363415,62282,64389,512,508,4,0.503891050583658,13.5,0.888330496772743,20576,"Coos Bay, OR",413407.3995,20.4,81.2,16.6,"Coos Bay, OR Micro Area",11,0
"97","18500",41241,28954,0.702068330059892,98650,95796,389,406,-17,0.483463035019455,8.1,0.94772427774962,24579,"Corning, NY",360156.6799,21.9,72.9,22.5,"Corning, NY Micro Area",10.1,0
"98","18580",160549,112555,0.701063226803032,444904,452927,115,119,-4,0.496108949416342,6,0.857036574182296,23293,"Corpus Christi, TX",462010.9987,20.2,80.9,20.4,"Corpus Christi, TX Metro Area",12.5,0
"99","18700",33609,28389,0.844684459519771,86591,92101,428,414,14,0.513618677042802,9.2,0.879560231432828,21922,"Corvallis, OR",175084.3967,21.3,83.6,17.2,"Corvallis, OR Metro Area",26,1
"100","18980",32225,19682,0.610768037238169,80811,83442,448,438,10,0.509727626459144,7.1,NA,24465,"Cullman, AL",190337.6556,26.2,73.7,27.9,"Cullman, AL Micro Area",7.9,0
"101","19060",37773,22298,0.590315834061367,101225,97915,382,399,-17,0.483463035019455,10.8,0.89654729562855,19203,"Cumberland, MD-WV",194765.3075,21.9,82.1,22.4,"Cumberland, MD-WV Metro Area",8.9,0
"102","19100",2406092,1879160,0.781000892733944,6812373,7540371,4,4,0,0.5,6.8,0.692192867301893,29677,"Dallas-Fort Worth-Arlington, TX",2403519.187,27.3,81.2,26.5,"Dallas-Fort Worth-Arlington, TX Metro Area",20.5,5
"103","19140",48318,34453,0.713046897636492,142212,143983,296,298,-2,0.498054474708171,11.3,0.910696706325767,20914,"Dalton, GA",164457.1669,21.5,58.7,19.5,"Dalton, GA Metro Area",6.8,0
"104","19180",31482,18456,0.586239756051077,80329,76806,450,463,-13,0.487354085603113,11.6,0.832090527704814,25748,"Danville, IL",232676.3526,20.8,75.7,20.1,"Danville, IL Metro Area",7.5,0
"105","19260",44854,22554,0.502831408570027,105333,101642,371,386,-15,0.485408560311284,10.7,0.630827945658056,20124,"Danville, VA",262081.3835,21.9,71.9,21.9,"Danville, VA Metro Area",8.9,0
"106","19300",70259,48222,0.68634623322279,195540,218022,224,209,15,0.514591439688716,7.4,0.868523064334663,24070,"Daphne-Fairhope-Foley, AL",411758.4013,26.3,79.1,22.9,"Daphne-Fairhope, AL Micro Area",17.5,0
"107","19340",153566,112378,0.73178958884128,383257,380106,137,141,-4,0.496108949416342,6.2,0.862116021364254,27408,"Davenport-Moline-Rock Island, IA-IL",587861.3363,19.6,73.3,18.7,"Davenport-Moline-Rock Island, IA-IL Metro Area",16,0
"108","19380",323890,236471,0.730096637747383,802489,806548,72,74,-2,0.498054474708171,9.4,0.790113010894853,24897,"Dayton, OH",332001.7376,21.1,80.7,20.6,"Dayton, OH Metro Area",14.3,3
"109","19460",60129,38826,0.645711719802425,153374,152046,270,277,-7,0.493190661478599,10.2,0.809739590804178,21671,"Decatur, AL",328938.1161,25.6,67.5,22.6,"Decatur, AL Metro Area",12.2,0
"110","19500",44965,31326,0.696675191815857,109278,104712,361,372,-11,0.489299610894942,11.2,0.787926206555757,24547,"Decatur, IL",150397.3502,18.4,73.9,17.4,"Decatur, IL Metro Area",14.7,0
"111","19660",235616,173703,0.737229220426457,600756,659605,91,87,4,0.503891050583658,9,0.827903508246276,22312,"Deltona-Daytona Beach-Ormond Beach, FL",410909.4861,24.4,84.9,24.8,"Deltona-Daytona Beach-Ormond Beach, FL Metro Area",13.4,0
"112","19740",1035096,843357,0.814762109021772,2697476,2932415,21,19,2,0.501945525291829,6.6,0.821375982585202,32122,"Denver-Aurora-Lakewood, CO",2161564.2,27.1,84.2,25.7,"Denver-Aurora, CO Metro Area",24,3
"113","19780",233644,185352,0.793309479378884,599789,655409,92,88,4,0.503891050583658,5.2,0.876733317883456,32006,"Des Moines-West Des Moines, IA",746813.2027,20.2,84.2,19.8,"Des Moines, IA Metro Area",22.7,0
"114","19820",1658085,1207274,0.728113456185901,4294983,4326442,14,14,0,0.5,10.4,0.7007606316486,26683,"Detroit-Warren-Dearborn, MI",1007289.2006,26.4,76.8,25.9,"Detroit-Warren-Livonia, MI Metro Area",16,2
"115","20020",57990,37521,0.647025349198138,147691,148245,286,291,-5,0.495136186770428,8.3,0.726686121700036,21378,"Dothan, AL",444437.8744,22.6,79.6,19.8,"Dothan, AL Metro Area",11.6,0
"116","20100",62053,46349,0.746926014858266,169416,178550,246,243,3,0.502918287937743,8.6,0.660941115361005,27080,"Dover, DE",151856.5081,27.6,84.2,23.6,"Dover, DE Metro Area",10.3,1
"117","20180",30922,19722,0.637798331285169,81174,79388,446,451,-5,0.495136186770428,9.2,0.953618153595979,20245,"DuBois, PA",296481.7439,26.8,79.6,23.5,"DuBois, PA Micro Area",9.4,0
"118","20220",36801,27865,0.757180511399147,95697,96854,402,404,-2,0.498054474708171,3.3,0.941576015967063,26397,"Dubuque, IA",157548.8097,17.8,74.1,14.7,"Dubuque, IA Metro Area",17.6,0
"119","20260",115589,80138,0.693301265691372,279887,278799,169,175,-6,0.494163424124514,6.6,0.923726360995688,23320,"Duluth, MN-WI",2178977.5318,19.9,82.7,19.9,"Duluth, MN-WI Metro Area",15.6,0
"120","20380",42464,30692,0.722776940467219,124987,134214,331,314,17,0.516536964980545,11.4,0.677470456927521,25715,"Dunn, NC",154098.2455,28,79.5,27.5,"Dunn, NC Micro Area",10.7,0
"121","20500",209290,169412,0.809460557121697,534578,575412,102,97,5,0.504863813229572,7.6,0.623188758235468,27081,"Durham-Chapel Hill, NC",455391.9062,22.8,86.7,23.2,"Durham, NC Metro Area",22.1,3
"122","20700",58496,46723,0.798738375273523,167148,169507,251,256,-5,0.495136186770428,11.8,0.774056524756503,25196,"East Stroudsburg, PA",157556.0089,37.9,86.9,40.7,"East Stroudsburg, PA Micro Area",10.9,0
"123","20740",64494,49453,0.76678450708593,164570,168669,255,259,-4,0.496108949416342,5.7,0.940578477243726,25063,"Eau Claire, WI",426383.2586,19.6,78.5,20.1,"Eau Claire, WI Metro Area",15.4,0
"124","20940",47430,30724,0.647775669407548,176584,181827,239,236,3,0.502918287937743,15.5,0.691682145607756,16944,"El Centro, CA",1081737.8445,18.9,81,18.8,"El Centro, CA Metro Area",6.6,0
"125","21060",56888,44321,0.779092251441429,151740,152459,274,276,-2,0.498054474708171,7.7,0.833102675629366,24192,"Elizabethtown-Fort Knox, KY",308273.2343,23.2,78.7,21.9,"Elizabethtown, KY Metro Area",11.5,0
"126","21140",71056,50568,0.711664039630714,200563,205560,220,221,-1,0.499027237354086,8.2,0.869103473721474,22394,"Elkhart-Goshen, IN",119961.4703,19.3,61.2,17.2,"Elkhart-Goshen, IN Metro Area",10.5,0
"127","21300",35838,25378,0.708131034097885,88506,84254,421,436,-15,0.485408560311284,6.9,0.889047070255124,24157,"Elmira, NY",105503.8636,19.3,77.5,19,"Elmira, NY Metro Area",11.4,0
"128","21340",259580,169208,0.651852993296864,831935,844723,68,69,-1,0.499027237354086,8.6,0.839420147006677,19627,"El Paso, TX",1446164.6726,23.1,85.2,21.1,"El Paso, TX Metro Area",11.5,1
"129","21500",110733,80358,0.725691528270705,280294,272061,167,181,-14,0.486381322957198,7.4,0.881189037225199,22408,"Erie, PA",206995.2474,18.6,76.1,18.3,"Erie, PA Metro Area",16.2,0
"130","21660",144166,113953,0.790429088689428,356212,379611,147,142,5,0.504863813229572,9.5,0.876671757268144,21649,"Eugene, OR",1179279.4737,19.6,82.8,19.8,"Eugene-Springfield, OR Metro Area",16.9,1
"131","21700",53191,40170,0.75520294786712,134493,136373,313,309,4,0.503891050583658,13.1,0.816867792375811,20748,"Eureka-Arcata-Fortuna, CA",924100.7147,17.4,81.8,18.4,"Eureka-Arcata-Fortuna, CA Micro Area",18.6,0
"132","21780",124343,88894,0.714909564671916,314280,314672,160,160,0,0.5,6.5,0.893661702940053,25464,"Evansville, IN-KY",379344.4395,20.7,77.5,20.3,"Evansville, IN-KY Metro Area",12.7,0
"133","21820",34056,24929,0.732000234907212,100436,98971,386,392,-6,0.494163424124514,10.3,0.776394918156836,32955,"Fairbanks, AK",1901902.38,20.2,86.1,17.3,"Fairbanks, AK Metro Area",17.4,1
"134","22020",90959,70437,0.774381864356468,223490,245471,200,192,8,0.507782101167315,2.7,0.917620475189046,26785,"Fargo, ND-MN",727866.7047,16.6,82.4,16.5,"Fargo, ND-MN Metro Area",23,1
"135","22140",37847,19658,0.519407086426929,126503,125043,327,332,-5,0.495136186770428,8.5,0.528959787514921,21781,"Farmington, NM",1427907.792,23.9,77.7,24.1,"Farmington, NM Metro Area",7.2,0
"136","22180",142827,105906,0.741498456174253,377193,387094,140,140,0,0.5,13.6,0.510425697189502,25020,"Fayetteville, NC",270192.3062,20.9,84.6,22.5,"Fayetteville, NC Metro Area",13.3,0
"137","22220",178227,117303,0.658166271103705,491755,553795,107,102,5,0.504863813229572,5.2,0.833467885430753,25309,"Fayetteville-Springdale-Rogers, AR-MO",819254.0477,20.6,77.7,21,"Fayetteville-Springdale-Rogers, AR-MO Metro Area",17.2,1
"138","22300",31732,23270,0.733329131476112,75773,75930,468,467,1,0.500972762645914,5.7,0.934871260211421,25565,"Findlay, OH",137621.0232,17.2,64,17,"Findlay, OH Micro Area",14.3,0
"139","22380",49002,36656,0.748051099955104,136539,142854,304,299,5,0.504863813229572,8.3,0.618057844278924,22680,"Flagstaff, AZ",4822208.0889,18.6,84.4,18.3,"Flagstaff, AZ Metro Area",19.6,1
"140","22420",163740,110385,0.674148039574936,415376,406892,127,134,-7,0.493190661478599,12.5,0.745832691344709,22457,"Flint, MI",164972.9501,25,78.9,24.3,"Flint, MI Metro Area",12.5,0
"141","22500",77550,47489,0.612366215344939,206261,204961,215,222,-7,0.493190661478599,13.8,0.557066047386564,21082,"Florence, SC",352525.7657,25.4,79,21.7,"Florence, SC Metro Area",13.6,0
"142","22520",61383,38550,0.628024045745565,147317,147149,289,295,-6,0.494163424124514,8.2,0.83801597914701,21489,"Florence-Muscle Shoals, AL",326421.2409,23.7,76.2,23.6,"Florence-Muscle Shoals, AL Metro Area",11.5,0
"143","22540",41202,29741,0.721833891558662,101798,103066,380,377,3,0.502918287937743,4,0.933731507495236,27386,"Fond du Lac, WI",186363.5376,20.4,62.8,20.5,"Fond du Lac, WI Metro Area",11.1,0
"144","22660",123877,102541,0.82776463750333,315988,350518,158,151,7,0.506809338521401,5.8,0.908661088395762,27727,"Fort Collins, CO",672398.6975,21.6,82.2,21.9,"Fort Collins-Loveland, CO Metro Area",27.2,1
"145","22900",107030,65475,0.611744370737176,279974,282318,168,174,-6,0.494163424124514,7.9,0.81233971725946,20302,"Fort Smith, AR-OK",876872.6732,20.4,72.4,21.3,"Fort Smith, AR-OK Metro Area",9.3,0
"146","23060",166620,122007,0.732247029168167,424122,437631,124,124,0,0.5,8,0.818792705872367,25841,"Fort Wayne, IN",352491.6106,21.1,72.7,20.7,"Fort Wayne, IN Metro Area",15.2,0
"147","23180",29443,20837,0.707706415786435,70142,73478,485,475,10,0.509727626459144,10.7,0.85036069687206,27396,"Frankfort, KY",106081.8733,20.5,78.9,19.3,"Frankfort, KY Micro Area",14.7,0
"148","23420",293517,199121,0.678396821989868,955272,994400,57,55,2,0.501945525291829,12.8,0.618497140081568,20573,"Fresno, CA",1543327.8958,22,78,21.1,"Fresno, CA Metro Area",13.4,0
"149","23460",40135,23766,0.592151488725551,103931,102501,373,382,-9,0.49124513618677,10.2,0.813857270689207,20850,"Gadsden, AL",138637.9576,24.2,74.2,22.8,"Gadsden, AL Metro Area",8.2,0
"150","23540",104294,78375,0.751481389149903,273232,288711,173,170,3,0.502918287937743,8,0.721372313638227,21206,"Gainesville, FL",317208.425,19.9,90.8,21.7,"Gainesville, FL Metro Area",17.8,1
"151","23580",60937,42295,0.694077489866584,187745,202148,231,225,6,0.505836575875486,8.3,0.819782151322272,22487,"Gainesville, GA",101730.6098,26.7,68.7,26.8,"Gainesville, GA Metro Area",14,0
"152","23700",18046,5547,0.307381137094093,73308,72290,473,478,-5,0.495136186770428,14.9,0.172573252578163,15961,"Gallup, NM",1411496.8741,23.9,88.6,23.6,"Gallup, NM Micro Area",6.9,0
"153","23900",37242,28433,0.763465979270716,101546,102811,381,378,3,0.502918287937743,7.3,0.921326295472003,26321,"Gettysburg, PA",134340.0048,27.2,71.3,24.5,"Gettysburg, PA Micro Area",10.9,0
"154","24020",51414,38380,0.746489283074649,128430,125462,323,331,-8,0.492217898832685,7.6,0.951280853383166,25109,"Glens Falls, NY",439812.3501,23.9,80.4,22.4,"Glens Falls, NY Metro Area",12.8,0
"155","24140",46834,32501,0.693961651791434,124583,123248,334,336,-2,0.498054474708171,13.2,0.569066405528844,22902,"Goldsboro, NC",143226.3112,20.1,69.1,19.6,"Goldsboro, NC Metro Area",11.3,0
"156","24220",40982,32679,0.797398858035235,100748,102299,385,383,2,0.501945525291829,4.7,0.903849207924723,25292,"Grand Forks, ND-MN",882530.8924,15.4,79.8,14.8,"Grand Forks, ND-MN Metro Area",19.3,1
"157","24260",31723,21657,0.682690792169719,84168,85104,434,431,3,0.502918287937743,6,0.932432753540538,25998,"Grand Island, NE",555127.4904,18.8,64.5,16.8,"Grand Island, NE Micro Area",11.5,0
"158","24300",58466,47305,0.809102726370882,147554,153207,287,274,13,0.512645914396887,7.7,0.933251555362782,24325,"Grand Junction, CO",862196.5147,19.8,80.6,19.3,"Grand Junction, CO Metro Area",15,0
"159","24340",370818,283726,0.765135457286324,1016603,1069405,53,53,0,0.5,7.5,0.860326990968943,24937,"Grand Rapids-Wyoming, MI",691464.1979,22.2,72.7,22,"Grand Rapids-Wyoming, MI Metro Area",16.5,0
"160","24420",34517,25515,0.739200973433381,83306,87393,437,423,14,0.513618677042802,12.7,0.937903632391424,20222,"Grants Pass, OR",424669.7356,20.5,78.2,20,"Grants Pass, OR Micro Area",10.1,0
"161","24500",34492,24913,0.722283428041285,82384,81643,440,446,-6,0.494163424124514,5.6,0.882513594872791,24204,"Great Falls, MT",698836.1955,15.3,87,14,"Great Falls, MT Metro Area",14.9,0
"162","24540",92426,70754,0.76552052452773,269785,314305,176,162,14,0.513618677042802,8.9,0.805059584483941,27243,"Greeley, CO",1032665.6276,25.8,76.1,23.1,"Greeley, CO Metro Area",18.5,0
"163","24580",122600,93216,0.760326264274062,312409,321591,161,158,3,0.502918287937743,7.2,0.883572496310926,27053,"Green Bay, WI",484369.7458,19.7,72.2,19.1,"Green Bay, WI Metro Area",17.4,0
"164","24620",27104,16094,0.593786894923259,68267,69087,492,490,2,0.501945525291829,8.1,NA,20064,"Greeneville, TN",161134.6226,24.4,71.1,21.1,"Greeneville, TN Micro Area",7.2,0
"165","24660",289205,202322,0.69957988278211,741065,767711,74,76,-2,0.498054474708171,9.4,0.649741925472125,23850,"Greensboro-High Point, NC",516186.4504,22.3,77,23.2,"Greensboro-High Point, NC Metro Area",18.3,1
"166","24780",67573,49288,0.729403755938023,174263,179914,241,240,1,0.500972762645914,11.7,0.587824150852447,21491,"Greenville, NC",168787.3422,18.4,85.2,19.5,"Greenville, NC Metro Area",18.6,1
"167","24860",320628,217288,0.677695023516349,850965,906626,66,62,4,0.503891050583658,7.9,0.785912464084892,22726,"Greenville-Anderson-Mauldin, SC",702089.8608,21.6,75.7,22.5,"Greenville, SC Metro Area",16.9,1
"168","24940",37706,21851,0.579509892324829,93996,95654,407,407,0,0.5,14.5,0.656091748585046,19424,"Greenwood, SC",244809.0456,23.1,73.2,17.9,"Greenwood, SC Micro Area",16.3,0
"169","25060",143330,101049,0.705009418823694,382516,397261,139,137,2,0.501945525291829,9.5,0.726063746353094,23969,"Gulfport-Biloxi-Pascagoula, MS",458619.702,23.4,79.6,26.2,"Gulfport-Biloxi, MS Metro Area",12.5,0
"170","25180",97681,70411,0.720825953870251,258294,268049,185,185,0,0.5,9.5,0.854479778856652,28311,"Hagerstown-Martinsburg, MD-WV",201745.3322,29.9,81.5,27.2,"Hagerstown-Martinsburg, MD-WV Metro Area",10.2,0
"171","25220",46039,29060,0.631203979234996,125412,133777,330,316,14,0.513618677042802,13,NA,20431,"Hammond, LA",204950.4791,29.2,76.8,28.9,"Hammond, LA Micro Area",9.7,0
"172","25260",41813,27833,0.665654222371033,150960,151366,277,279,-2,0.498054474708171,13.1,0.667289348171701,23228,"Hanford-Corcoran, CA",359858.2456,20.7,71.1,22.4,"Hanford-Corcoran, CA Metro Area",8.2,0
"173","25420",224798,171976,0.765024599862988,557711,574659,97,98,-1,0.499027237354086,6.9,0.817694110390507,30072,"Harrisburg-Carlisle, PA",420096.0995,22.2,87.2,21.2,"Harrisburg-Carlisle, PA Metro Area",17.9,0
"174","25500",45285,32180,0.710610577453903,129136,135277,320,311,9,0.50875486381323,6.8,0.904194028001487,20268,"Harrisonburg, VA",224417.4568,18.8,78.1,18.4,"Harrisonburg, VA Metro Area",14.8,0
"175","25540",464315,360802,0.777062985257853,1215211,1206300,47,49,-2,0.498054474708171,9.3,0.766521204959468,32830,"Hartford-West Hartford-East Hartford, CT",392305.2184,23.4,83.7,23.2,"Hartford-West Hartford-East Hartford, CT Metro Area",19.7,1
"176","25620",53052,36055,0.679616225589987,148644,149119,284,289,-5,0.495136186770428,10.8,0.670245687683324,18625,"Hattiesburg, MS",417079.6492,22.5,81.5,21.8,"Hattiesburg, MS Metro Area",14.5,1
"177","25740",31069,23794,0.765843767099038,77995,78791,459,455,4,0.503891050583658,4.3,0.932136675427912,30055,"Helena, MT",1324902.7584,18.1,84.4,15.2,"Helena, MT Micro Area",22.5,0
"178","25860",136858,87643,0.640393692732613,363572,368416,146,148,-2,0.498054474708171,12,0.839294555136259,20697,"Hickory-Lenoir-Morganton, NC",424078.8334,22.4,68.4,20.6,"Hickory-Lenoir-Morganton, NC Metro Area",12.6,0
"179","25900",64929,48726,0.75045049207596,190821,200983,230,226,4,0.503891050583658,9.7,0.34906011392876,21777,"Hilo, HI",1043365.1107,27.6,86,26,"Hilo, HI Micro Area",15.6,0
"180","25940",74931,57587,0.768533717686939,198467,217686,221,210,11,0.510700389105058,6.7,0.690260849410733,27724,"Hilton Head Island-Bluffton-Beaufort, SC",318978.7021,22.7,85.6,23.2,"Hilton Head Island-Beaufort, SC Micro Area",21,0
"181","26140",62131,46003,0.740419436352224,139271,147929,302,292,10,0.509727626459144,11.2,0.934063803663361,20353,"Homosassa Springs, FL",150710.0924,26.3,86.8,23.8,"Homosassa Springs, FL Micro Area",11.5,0
"182","26300",41865,27818,0.664469126955691,97173,99154,394,389,5,0.504863813229572,11.9,0.83509822687372,21573,"Hot Springs, AR",175550.5406,24.6,84,20.3,"Hot Springs, AR Metro Area",13.4,0
"183","26380",73418,50466,0.687379116837833,209890,209136,211,219,-8,0.492217898832685,5.6,0.753942541331173,25256,"Houma-Thibodaux, LA",595707.8045,25.7,68.6,25,"Houma-Bayou Cane-Thibodaux, LA Metro Area",10.4,0
"184","26420",2158139,1640965,0.760361125951572,6313158,6997384,5,5,0,0.5,7,0.656496162459422,28395,"Houston-The Woodlands-Sugar Land, TX",2139534.0858,29.1,76.7,28.1,"Houston-Sugar Land-Baytown, TX Metro Area",18.6,3
"185","26580",145100,96306,0.663721571330117,364101,352823,145,150,-5,0.495136186770428,7.7,0.945240468990747,22103,"Huntington-Ashland, WV-KY-OH",654610.1845,23.8,82.2,21.5,"Huntington-Ashland, WV-KY-OH Metro Area",9.6,2
"186","26620",169951,127028,0.747438967702455,435737,462693,120,117,3,0.502918287937743,8.6,0.718426482029297,27858,"Huntsville, AL",352634.9956,21.8,80.2,21.1,"Huntsville, AL Metro Area",23.4,1
"187","26820",45964,34268,0.745539987816552,137554,149051,303,290,13,0.512645914396887,6.6,0.896978641115489,23872,"Idaho Falls, ID",1345700.9784,20.5,75.2,19.7,"Idaho Falls, ID Metro Area",15.1,0
"188","26860",33516,22816,0.680749492779568,87745,84501,423,434,-11,0.489299610894942,9.3,0.947438600490056,21150,"Indiana, PA",214199.9553,22.4,78.8,22.2,"Indiana, PA Micro Area",11.7,0
"189","26900",739503,554564,0.74991446958295,1953613,2048428,34,34,0,0.5,8.2,0.770643929990228,27139,"Indianapolis-Carmel-Anderson, IN",1115380.8785,24.4,80.2,23.8,"Indianapolis, IN Metro Area",19.3,1
"190","26980",64564,53194,0.823895669413295,161170,173401,259,251,8,0.507782101167315,2.9,0.874300428119377,27271,"Iowa City, IA",306367.8109,19,86.4,18.1,"Iowa City, IA Metro Area",25.1,1
"191","27060",37524,30115,0.802553032725722,103617,102793,375,379,-4,0.496108949416342,5.2,0.812270187324474,22634,"Ithaca, NY",122933.5864,18.2,88.5,17.4,"Ithaca, NY Metro Area",23.3,1
"192","27100",61235,42770,0.698456764922022,160369,158823,261,269,-8,0.492217898832685,11,0.876759224039559,21822,"Jackson, MI",181730.8302,23.2,75.2,23.1,"Jackson, MI Metro Area",13.6,0
"193","27140",207205,136458,0.65856518906397,578361,583080,94,96,-2,0.498054474708171,8.7,0.480568364741053,23761,"Jackson, MS",1204047.19,24,84.3,22.9,"Jackson, MS Metro Area",19.5,1
"194","27180",47027,29305,0.623152656984286,130645,129209,316,321,-5,0.495136186770428,10.2,0.640108691492212,20919,"Jackson, TN",287068.8476,19.2,80.1,19.4,"Jackson, TN Metro Area",12.5,0
"195","27260",516144,397435,0.770007982268514,1394624,1534701,41,41,0,0.5,9.7,0.709029817355789,27150,"Jacksonville, FL",829313.8571,26.1,87.8,25.5,"Jacksonville, FL Metro Area",18,0
"196","27340",60764,46716,0.768810479889408,185220,197683,234,228,6,0.505836575875486,13.4,0.750923226433431,24271,"Jacksonville, NC",197558.095,25.3,83.9,22.9,"Jacksonville, NC Metro Area",10.3,0
"197","27460",54551,37066,0.679474253450899,133080,127939,314,325,-11,0.489299610894942,9.6,0.932521791403667,21221,"Jamestown-Dunkirk-Fredonia, NY",274597.3929,17.8,74.5,16.7,"Jamestown-Dunkirk-Fredonia, NY Micro Area",10.7,0
"198","27500",64088,47350,0.738827861690176,160739,163129,260,265,-5,0.495136186770428,8,0.900416202663946,26068,"Janesville-Beloit, WI",185988.739,22.7,70.3,19.7,"Janesville, WI Metro Area",10.5,0
"199","27620",53981,35535,0.658287175117171,148703,150243,283,286,-3,0.497081712062257,6,0.882779769069891,26805,"Jefferson City, MO",582148.8631,20.9,83.6,20,"Jefferson City, MO Metro Area",17.3,0
"200","27740",83446,57999,0.695048294705558,200591,203921,219,223,-4,0.496108949416342,6.8,0.932973064594124,19960,"Johnson City, TN",221141.3861,21.8,83,21.1,"Johnson City, TN Metro Area",13.9,1
"201","27780",57407,39455,0.687285522671451,140499,131730,299,320,-21,0.479571984435798,8.8,0.936312713969494,22341,"Johnstown, PA",178282.3041,22.9,82.1,23,"Johnstown, PA Metro Area",11.1,0
"202","27860",47799,32274,0.675202410092261,125633,132532,329,317,12,0.511673151750973,5.9,0.832345004895211,21097,"Jonesboro, AR",379591.6419,18.9,74.4,18.6,"Jonesboro, AR Metro Area",11.7,1
"203","27900",67701,42870,0.633225506270218,175243,178902,240,241,-1,0.499027237354086,7.4,0.904755111473782,22272,"Joplin, MO",327175.8238,20.5,75.5,19.2,"Joplin, MO Metro Area",10.9,0
"204","27980",54005,42144,0.780372187760393,160292,167295,262,262,0,0.5,7,0.342069473211389,31049,"Kahului-Wailuku-Lahaina, HI",303941.674,20.7,86.7,20.4,"Kahului-Wailuku, HI Micro Area",16.9,0
"205","28020",130076,97982,0.753267320643316,332180,340318,153,153,0,0.5,9.6,0.831982660003613,22563,"Kalamazoo-Portage, MI",303025.3787,21.1,76.3,19.5,"Kalamazoo-Portage, MI Metro Area",17.8,1
"206","28060",36391,28092,0.771949108296007,93068,102106,409,384,25,0.52431906614786,5.3,NA,23932,"Kalispell, MT",1317588.2902,18.8,86.5,17.6,"Kalispell, MT Micro Area",15.5,0
"207","28100",41822,29356,0.701927215341208,112120,110024,356,363,-7,0.493190661478599,10.6,0.802943275062433,25340,"Kankakee, IL",175231.0524,23.2,77.4,22,"Kankakee-Bradley, IL Metro Area",9.6,0
"208","28140",798618,617108,0.772719873581612,2052048,2142419,31,31,0,0.5,6.1,0.788819267385558,29893,"Kansas City, MO-KS",1879267.8289,22.9,83.5,22.4,"Kansas City, MO-KS Metro Area",21.3,1
"209","28300",30603,25042,0.818285788974937,76610,76493,463,465,-2,0.498054474708171,8.5,0.955554105208197,24816,"Keene, NH",183036.5875,23.1,72.7,20.2,"Keene, NH Micro Area",17.3,0
"210","28420",92768,67071,0.7229971541911,271124,296224,175,165,10,0.509727626459144,7.9,0.76612546288783,27048,"Kennewick-Richland, WA",762098.9925,20.8,75.2,20,"Kennewick-Richland-Pasco, WA Metro Area",13.9,0
"211","28580",26426,18436,0.6976462574737,76351,75027,466,470,-4,0.496108949416342,7.9,0.871409673743631,26474,"Key West, FL",254604.0739,18.6,88.1,15.9,"Key West-Marathon, FL Micro Area",22.7,0
"212","28660",132578,96801,0.73014376442547,423253,451681,125,120,5,0.504863813229572,11,0.677226150789244,26239,"Killeen-Temple, TX",729353.6095,19.4,84.3,20.2,"Killeen-Temple-Fort Hood, TX Metro Area",13.8,0
"213","28700",126215,78170,0.619340015053678,308643,306562,164,164,0,0.5,9.1,0.950505924320331,20543,"Kingsport-Bristol-Bristol, TN-VA",520584.0458,23.3,75.3,21.1,"Kingsport-Bristol-Bristol, TN-VA Metro Area",11.4,0
"214","28740",68650,53018,0.772294246176256,180998,178599,235,242,-7,0.493190661478599,8.8,0.870540005966917,27274,"Kingston, NY",291175.5155,28.1,84,25.1,"Kingston, NY Metro Area",12.8,0
"215","28900",25746,17518,0.680416375359279,65910,67653,501,494,7,0.506809338521401,11.7,0.87557275072068,20629,"Klamath Falls, OR",1538721.2504,17.1,75.5,18.2,"Klamath Falls, OR Micro Area",8,0
"216","28940",340089,239748,0.70495664370209,852147,882598,65,65,0,0.5,8.1,0.898993952921268,22579,"Knoxville, TN",906631.8482,23,82.2,22.5,"Knoxville, TN Metro Area",16.4,1
"217","29020",34435,24621,0.714999273994482,82760,82366,439,442,-3,0.497081712062257,7.1,0.88313194780087,26738,"Kokomo, IN",75885.8971,21.1,75.7,17.5,"Kokomo, IN Metro Area",10.2,0
"218","29100",53723,42026,0.782272025017218,135512,136808,307,308,-1,0.499027237354086,5.7,0.919084656709369,25008,"La Crosse-Onalaska, WI-MN",259984.9332,17.8,80.2,17.8,"La Crosse, WI-MN Metro Area",19.1,0
"219","29180",178778,122728,0.686482676839432,479116,489364,109,110,-1,0.499027237354086,7.1,0.706340426952972,24614,"Lafayette, LA",882891.0403,25.4,72,24.6,"Lafayette, LA Metro Area",17.3,1
"220","29340",79392,53346,0.671931680773882,202397,209548,217,218,-1,0.499027237354086,9.1,0.719506712056009,23798,"Lake Charles, LA",608276.4224,22.1,75.6,20,"Lake Charles, LA Metro Area",12,0
"221","29380",23827,15098,0.633650900239224,67543,70503,496,485,11,0.510700389105058,12.9,0.777075344595295,21591,"Lake City, FL",206562.6671,22.9,88.8,21.2,"Lake City, FL Micro Area",7.1,0
"222","29420",81257,58140,0.715507587038655,203030,209550,216,217,-1,0.499027237354086,14.5,0.907658966655174,20718,"Lake Havasu City-Kingman, AZ",3447571.4657,19.6,83.4,17.6,"Lake Havasu City-Kingman, AZ Micro Area",8.4,0
"223","29460",214500,142303,0.663417249417249,623009,708009,88,82,6,0.505836575875486,9.9,0.787059255965805,22271,"Lakeland-Winter Haven, FL",465325.0695,25.5,84.4,24.7,"Lakeland, FL Metro Area",11.4,0
"224","29540",194493,140459,0.722180232707604,529600,543557,103,104,-1,0.499027237354086,6.9,0.882805891238671,27027,"Lancaster, PA",244449.5031,22.8,73.2,21.8,"Lancaster, PA Metro Area",15.5,0
"225","29620",183135,140558,0.767510306604418,467321,481893,110,112,-2,0.498054474708171,9.3,0.816605716413343,24997,"Lansing-East Lansing, MI",439704.1601,20.6,84.1,20.8,"Lansing-East Lansing, MI Metro Area",18.2,1
"226","29700",68696,35598,0.518196110399441,262495,275910,180,177,3,0.502918287937743,7,0.95199908569687,18616,"Laredo, TX",870620.0257,22.3,87.6,18.3,"Laredo, TX Metro Area",12.8,0
"227","29740",74898,49831,0.665318166039147,213460,217522,208,211,-3,0.497081712062257,12.5,0.897296917455261,17479,"Las Cruces, NM",986237.9062,20,86.3,17.3,"Las Cruces, NM Metro Area",13.5,1
"228","29820",713577,547535,0.767310325304767,2027868,2231647,32,28,4,0.503891050583658,11.2,0.626750853605856,26407,"Las Vegas-Henderson-Paradise, NV",2043883.4319,23.9,91,23.9,"Las Vegas-Paradise, NV Metro Area",13.5,1
"229","29860",30768,14186,0.461063442537701,87563,81762,424,445,-21,0.479571984435798,10.4,NA,17783,"Laurel, MS",355100.3007,23.3,67,20.8,"Laurel, MS Micro Area",7.5,0
"230","29940",42470,35491,0.83567223922769,114322,121436,352,340,12,0.511673151750973,6.7,0.834310106541173,23218,"Lawrence, KS",118072.0703,19.7,88.6,20.7,"Lawrence, KS Metro Area",23.7,1
"231","30020",45871,30347,0.661572671186588,131396,125696,315,330,-15,0.485408560311284,11.3,0.652516058327499,21952,"Lawton, OK",440801.4204,17.7,79.2,16.1,"Lawton, OK Metro Area",11.2,0
"232","30140",51901,38034,0.732818250130055,135486,141314,308,303,5,0.504863813229572,8.2,0.877884061821886,27956,"Lebanon, PA",93713.8345,23.8,75.1,22,"Lebanon, PA Metro Area",13.3,0
"233","30340",43736,31855,0.728347356868484,107604,107679,363,369,-6,0.494163424124514,7.9,0.926898628303781,23046,"Lewiston-Auburn, ME",121193.7419,24.4,79.8,24,"Lewiston-Auburn, ME Metro Area",12,0
"234","30460",193193,147259,0.762237762237762,489435,516697,108,107,1,0.500972762645914,7.7,0.812395925914575,24855,"Lexington-Fayette, KY",380352.8175,20.9,79.8,20.4,"Lexington-Fayette, KY Metro Area",19,1
"235","30620",40359,27745,0.687455090562204,105298,102663,372,381,-9,0.49124513618677,9.7,0.83320670857946,21846,"Lima, OH",104247.0093,18.2,75.5,18.2,"Lima, OH Metro Area",11.1,0
"236","30700",123469,98708,0.799455733827924,316941,333964,157,155,2,0.501945525291829,5.1,0.867126689194519,27027,"Lincoln, NE",364923.0871,18.4,82.5,18.2,"Lincoln, NE Metro Area",22.5,1
"237","30780",267748,187644,0.700823162077775,723743,741357,76,79,-3,0.497081712062257,7,0.72018658556974,25409,"Little Rock-North Little Rock-Conway, AR",1057844.0901,22.5,84.5,22.3,"Little Rock-North Little Rock, AR Metro Area",17.7,1
"238","30860",39593,32116,0.811153486727452,129956,141476,317,302,15,0.514591439688716,5.5,0.907637969774385,21369,"Logan, UT-ID",473532.3632,17.2,71.3,16.5,"Logan, UT-ID Metro Area",20,1
"239","30980",76957,52231,0.678703691671973,216530,219417,203,208,-5,0.495136186770428,5.8,0.777518126818455,21482,"Longview, TX",461106.6613,21.4,70.8,21.8,"Longview, TX Metro Area",11.6,0
"240","31020",38483,28986,0.753215705636255,101860,108987,378,366,12,0.511673151750973,9.7,0.914019242096996,24007,"Longview, WA",295314.4614,23.4,73.3,22.3,"Longview, WA Metro Area",8.5,0
"241","31140",494276,363915,0.736258689477134,1262928,1296815,44,46,-2,0.498054474708171,7.6,0.80923378054806,26726,"Louisville/Jefferson County, KY-IN",926804.0329,23.3,79.7,22.6,"Louisville, KY-IN Metro Area",14.2,1
"242","31180",110295,80342,0.728428305906886,304830,319995,165,159,6,0.505836575875486,7.4,0.79690647246006,23114,"Lubbock, TX",696101.4817,16.5,83.9,16.1,"Lubbock, TX Metro Area",16.5,1
"243","31260",30103,20733,0.688735341992492,87441,87092,425,425,0,0.5,5.9,0.749705515719171,19299,"Lufkin, TX",206624.0093,19.1,76.3,18,"Lufkin, TX Micro Area",9.8,0
"244","31300",45641,20770,0.455073289367017,134841,131831,311,319,-8,0.492217898832685,12.8,0.302326443737439,16927,"Lumberton, NC",245792.4449,23,69.2,25.8,"Lumberton, NC Micro Area",8.3,0
"245","31340",102320,66900,0.653831118060985,260792,265405,183,189,-6,0.494163424124514,6.6,0.774168686156017,24078,"Lynchburg, VA",549159.9067,23.4,78.1,23.5,"Lynchburg, VA Metro Area",14.1,0
"246","31420",80190,51397,0.640940266866193,230300,226680,196,202,-6,0.494163424124514,15.4,0.524259661311333,20758,"Macon, GA",446172.5312,21.6,86.4,22.7,"Macon, GA Metro Area",13.8,1
"247","31460",44549,29393,0.659790343217581,152389,157672,272,270,2,0.501945525291829,8.6,0.826726338515247,18769,"Madera, CA",553505.8332,24.7,62.4,28.2,"Madera, CA Metro Area",9.1,0
"248","31540",258127,209270,0.810724953220701,627431,660422,86,86,0,0.5,4.6,0.871232055795777,30565,"Madison, WI",857113.2545,21.7,83.4,20.9,"Madison, WI Metro Area",24.9,1
"249","31700",155036,131123,0.8457584044996,403985,415247,131,130,1,0.500972762645914,6.5,0.898525935368887,32088,"Manchester-Nashua, NH",226934.6872,27.2,76.8,25.1,"Manchester-Nashua, NH Metro Area",21.2,0
"250","31740",35044,27247,0.777508275311038,98085,97980,392,397,-5,0.495136186770428,5.2,0.852332160880869,23007,"Manhattan, KS",375754.9512,16.2,86.1,16.8,"Manhattan, KS Micro Area",18,1
"251","31820",33343,23626,0.708574513391117,80654,79074,449,454,-5,0.495136186770428,6.1,0.949301956505567,26216,"Manitowoc, WI",152631.0981,19.2,60.8,19.5,"Manitowoc, WI Micro Area",14.2,0
"252","31860",37358,29854,0.799132715884148,98560,101647,390,385,5,0.504863813229572,4,0.92752637987013,23951,"Mankato-North Mankato, MN",309886.9457,16.5,77.5,16.2,"Mankato-North Mankato, MN Micro Area",20,0
"253","31900",47847,30877,0.645327815746024,121773,121099,337,341,-4,0.496108949416342,9.8,0.871999540127943,21218,"Mansfield, OH",128272.0855,21.2,72.4,20.4,"Mansfield, OH Metro Area",8.9,0
"254","31940",28695,18669,0.650601150026137,65401,63417,505,510,-5,0.495136186770428,10.5,0.963410345407563,21506,"Marinette, WI-MI",632836.7306,19.4,63.8,20,"Marinette, WI-MI Micro Area",8.1,0
"255","31980",27003,15605,0.57789875199052,69126,65936,487,502,-15,0.485408560311284,6.8,0.882518878569569,19264,"Marion, IN",107245.2767,18.9,79.6,18.3,"Marion, IN Micro Area",5.6,0
"256","32300",29608,17334,0.58544987841124,66688,64947,499,506,-7,0.493190661478599,8.5,0.67277471209213,20415,"Martinsville, VA",101863.469,23.1,76.5,22.8,"Martinsville, VA Micro Area",8.7,0
"257","32580",223367,122847,0.549978286855265,815996,865939,71,66,5,0.504863813229572,9.1,0.917236113902519,16457,"McAllen-Edinburg-Mission, TX",406861.01,21.7,82.4,21.4,"McAllen-Edinburg-Mission, TX Metro Area",10.9,1
"258","32740",33971,24703,0.727179064496188,87376,85063,426,432,-6,0.494163424124514,6.1,0.959714338033327,21875,"Meadville, PA",262184.6809,22,68.5,20.8,"Meadville, PA Micro Area",10.1,0
"259","32780",82983,63926,0.770350553727872,208545,219564,213,207,6,0.505836575875486,10.6,0.914272698937879,22338,"Medford, OR",720937.2699,19.4,82.7,18.2,"Medford, OR Metro Area",15.6,0
"260","32820",492311,321290,0.652615927736735,1343850,1350064,42,44,-2,0.498054474708171,10.5,0.478923987052126,25351,"Memphis, TN-MS-AR",1291052.703,24.1,83.7,23.5,"Memphis, TN-MS-AR Metro Area",15.8,1
"261","32900",77651,51374,0.661601267208407,263228,274765,179,178,1,0.500972762645914,19.9,0.58918504110505,20068,"Merced, CA",501154.0709,27.6,68.4,22.4,"Merced, CA Metro Area",9.5,1
"262","32940",40820,21458,0.525673689367957,103704,104181,374,374,0,0.5,11.2,NA,18720,"Meridian, MS",559798.4924,21.4,74.5,21.4,"Meridian, MS Micro Area",9.6,0
"263","33100",2032438,1515936,0.745870722747754,5828191,6198782,8,7,1,0.500972762645914,10,0.71587890650804,23471,"Miami-Fort Lauderdale-West Palm Beach, FL",1314545.3524,27.7,87.9,28.5,"Miami-Fort Lauderdale-Miami Beach, FL Metro Area",17.6,4
"264","33140",42746,28558,0.668085902774529,111281,110007,359,364,-5,0.495136186770428,8.4,0.840206324529794,22472,"Michigan City-La Porte, IN",154965.9085,21.9,73.4,19.6,"Michigan City-La Porte, IN Metro Area",11,0
"265","33220",33858,24183,0.71424774056353,83919,83209,435,439,-4,0.496108949416342,9.5,0.934079290744647,26709,"Midland, MI",133709.9821,20.3,67.9,20.3,"Midland, MI Micro Area",18.1,0
"266","33260",54082,41327,0.764154432158574,155723,177218,265,244,21,0.520428015564202,2.6,0.749375493665033,31584,"Midland, TX",470154.3644,20.6,67.4,16.6,"Midland, TX Metro Area",17.5,0
"267","33340",622962,465650,0.747477374221863,1569659,1576113,40,40,0,0.5,7.2,0.74762225426032,28192,"Milwaukee-Waukesha-West Allis, WI",376786.4626,23.5,78.6,21.3,"Milwaukee-Waukesha-West Allis, WI Metro Area",20.4,2
"268","33460",1332110,1083245,0.813179842505499,3459146,3629190,16,16,0,0.5,5.6,0.807419230064299,32884,"Minneapolis-St. Paul-Bloomington, MN-WI",1978115.964,25.1,80.8,24.1,"Minneapolis-St. Paul-Bloomington, MN-WI Metro Area",25.2,1
"269","33540",45820,35169,0.767546922741161,111807,118791,358,346,12,0.511673151750973,10.4,0.918842290733138,21927,"Missoula, MT",671598.8454,17.3,82.7,16.6,"Missoula, MT Metro Area",24.2,1
"270","33660",148025,93651,0.632670157068063,414079,413757,128,131,-3,0.497081712062257,11.7,0.601803037584616,21622,"Mobile, AL",318412.1204,23.9,82,24.4,"Mobile, AL Metro Area",13,1
"271","33700",167411,119008,0.71087324010967,525491,549815,104,103,1,0.500972762645914,15.9,0.722137962400878,21611,"Modesto, CA",387086.7629,27.1,75,25.6,"Modesto, CA Metro Area",9.8,0
"272","33740",65989,41917,0.635211929260937,178565,176805,238,246,-8,0.492217898832685,6.9,0.620670344132389,21924,"Monroe, LA",385232.11,20.6,81.3,19.8,"Monroe, LA Metro Area",15.1,0
"273","33780",58479,42141,0.720617657620684,150376,150439,280,285,-5,0.495136186770428,9.8,0.947611320955472,25893,"Monroe, MI",142299.6308,24.8,71.1,24.1,"Monroe, MI Metro Area",11.5,0
"274","33860",141137,102167,0.723885302932612,376066,373401,141,144,-3,0.497081712062257,7.9,0.516178011306526,24978,"Montgomery, AL",702703.7498,22.3,81.6,21.6,"Montgomery, AL Metro Area",15.8,0
"275","34060",50295,39149,0.778387513669351,136133,140259,306,305,1,0.500972762645914,5.5,0.915259341967047,21659,"Morgantown, WV",261297.9127,22.6,81.9,23.2,"Morgantown, WV Metro Area",12.8,0
"276","34100",42874,26294,0.61328544105985,115197,118581,349,347,2,0.501945525291829,6.7,0.926638714549858,19808,"Morristown, TN",112929.285,23.6,68.5,25.3,"Morristown, TN Metro Area",8,0
"277","34180",29888,20427,0.683451552462527,91878,97331,414,403,11,0.510700389105058,10.6,0.711106031911883,22054,"Moses Lake, WA",693989.0129,20.1,61.9,19.1,"Moses Lake, WA Micro Area",8.4,0
"278","34340",30156,17686,0.586483618517045,73050,71948,474,480,-6,0.494163424124514,6.6,0.923299110198494,20599,"Mount Airy, NC",137830.5039,23.6,73.6,24.3,"Mount Airy, NC Micro Area",8.4,0
"279","34580",45234,34705,0.767232612636512,118837,128206,341,324,17,0.516536964980545,7.5,0.863535767479825,26202,"Mount Vernon-Anacortes, WA",448383.3372,23.7,79.3,24,"Mount Vernon-Anacortes, WA Metro Area",15.1,0
"280","34620",46431,32014,0.689496241735048,117484,114772,343,354,-11,0.489299610894942,10.6,0.89049572707773,17289,"Muncie, IN",101560.7268,20.4,82,17.4,"Muncie, IN Metro Area",11.5,1
"281","34740",65559,46477,0.708933937369392,171008,173588,242,250,-8,0.492217898832685,11.9,0.810026431511976,21382,"Muskegon, MI",129505.4226,20.5,67.7,19.5,"Muskegon-Norton Shores, MI Metro Area",12,0
"282","34780",26529,16251,0.612574918014249,70303,68362,484,492,-8,0.492217898832685,8,0.606346813080523,22064,"Muskogee, OK",209905.3116,21,77,19.9,"Muskogee, OK Micro Area",13.4,0
"283","34820",162547,122993,0.756661150313448,404951,480891,130,113,17,0.516536964980545,10.3,0.826359238525155,21630,"Myrtle Beach-Conway-North Myrtle Beach, SC-NC",513616.5448,22.4,84.9,20.7,"Myrtle Beach-Conway-North Myrtle Beach, SC Metro Area",13.9,0
"284","34900",47482,40225,0.84716313550398,140326,139417,300,307,-7,0.493190661478599,8.1,0.72375040976013,29801,"Napa, CA",193826.2912,22.9,77.6,23,"Napa, CA Metro Area",20.2,0
"285","34940",130614,104170,0.797540845544888,339642,378488,150,143,7,0.506809338521401,8.7,0.892469129259632,25689,"Naples-Immokalee-Marco Island, FL",517695.9832,24.1,85.8,25.4,"Naples-Marco Island, FL Metro Area",19.3,0
"286","34980",662187,495980,0.749002925155583,1757424,1932099,37,37,0,0.5,6.8,0.77863907628438,27098,"Nashville-Davidson--Murfreesboro--Franklin, TN",1632141.0263,26.5,82.9,25.4,"Nashville-Davidson--Murfreesboro, TN Metro Area",18.6,2
"287","35100",48962,35499,0.725031657203546,128853,123433,322,335,-13,0.487354085603113,10.5,0.704306457746424,23567,"New Bern, NC",392706.3228,23.8,79.4,20.7,"New Bern, NC Micro Area",14.9,0
"288","35260",36354,24341,0.669554932056995,89333,86184,419,427,-8,0.492217898832685,7,NA,23019,"New Castle, PA",92764.4464,23.6,74.8,20.4,"New Castle, PA Micro Area",12.1,0
"289","35300",321048,235017,0.732030724377663,862287,857620,64,67,-3,0.497081712062257,9,0.757744231329012,30371,"New Haven-Milford, CT",156564.5638,23.8,84.3,23.8,"New Haven-Milford, CT Metro Area",16.7,1
"290","35380",479366,325003,0.677985088637909,1240977,1270399,46,47,-1,0.499027237354086,8.2,0.585918997692947,25212,"New Orleans-Metairie, LA",829355.178,26,83.1,26.5,"New Orleans-Metairie-Kenner, LA Metro Area",16.3,2
"291","35420",34949,24548,0.702394918309537,92672,92176,410,413,-3,0.497081712062257,7.7,NA,21662,"New Philadelphia-Dover, OH",147018.1125,20.2,70.2,23,"New Philadelphia-Dover, OH Micro Area",8.8,0
"292","35620",7080691,5544568,0.783054648197471,19949502,19979477,1,1,0,0.5,8.8,0.589392106128764,31204,"New York-Newark-Jersey City, NY-NJ-PA",2147840.8908,35.5,88.2,34.2,"New York-Northern New Jersey-Long Island, NY-NJ-PA Metro Area",20.7,15
"293","35660",59239,41780,0.70527861712723,155252,154141,267,273,-6,0.494163424124514,9.6,0.781471414216886,22732,"Niles-Benton Harbor, MI",147045.8178,19,72.9,19.2,"Niles-Benton Harbor, MI Metro Area",13.5,0
"294","35900",27557,14865,0.539427368726639,69023,68557,489,491,-2,0.498054474708171,13.7,0.906103762513945,15455,"North Wilkesboro, NC",195356.1144,24.3,72.5,20.5,"North Wilkesboro, NC Micro Area",9.5,0
"295","35980",106886,84806,0.793424770316038,274150,266784,172,186,-14,0.486381322957198,8.6,0.816782783147912,31007,"Norwich-New London, CT",172264.1876,23.5,79.2,20.7,"Norwich-New London, CT Metro Area",17.7,0
"296","36020",32990,27795,0.842528038799636,78801,84460,455,435,20,0.519455252918288,10.4,0.855991675232548,29073,"Oak Harbor, WA",53989.8564,29.1,78.9,28.1,"Oak Harbor, WA Micro Area",16.1,0
"297","36100",133098,95423,0.716937895385355,337362,359977,151,149,2,0.501945525291829,11.1,0.825312275834267,21379,"Ocala, FL",411298.5503,24.5,82.3,24.6,"Ocala, FL Metro Area",10.7,0
"298","36140",38210,28616,0.748913896885632,95897,92560,398,411,-13,0.487354085603113,9.7,0.904345287130984,28338,"Ocean City, NJ",65120.9688,24.6,88.6,21.4,"Ocean City, NJ Metro Area",17.8,0
"299","36220",51962,39217,0.75472460644317,149378,162124,282,267,15,0.514591439688716,6.2,0.850479990360026,26867,"Odessa, TX",232509.4451,21.3,68.8,18.1,"Odessa, TX Metro Area",8,0
"300","36260",195180,160737,0.823532124193053,621853,676948,89,84,5,0.504863813229572,4.9,0.906283317761593,26696,"Ogden-Clearfield, UT",1872546.0886,21.9,79,21.4,"Ogden-Clearfield, UT Metro Area",18.9,0
"301","36300",41299,27624,0.66887818106976,111963,108047,357,368,-11,0.489299610894942,10.9,0.932924269624787,22075,"Ogdensburg-Massena, NY",694214.8461,21.7,80.5,20.7,"Ogdensburg-Massena, NY Micro Area",9.9,1
"302","36420",493315,362016,0.733843487426898,1319677,1396445,43,42,1,0.500972762645914,5.5,0.74309016524498,26328,"Oklahoma City, OK",1427502.516,22.5,81.2,21.1,"Oklahoma City, OK Metro Area",18.1,1
"303","36460",32271,20321,0.629698490905147,78892,76840,454,462,-8,0.492217898832685,9.3,0.923426963443695,22632,"Olean, NY",338863.7065,21.3,76.2,20,"Olean, NY Micro Area",10,0
"304","36500",99815,80516,0.80665230676752,262388,286419,182,172,10,0.509727626459144,8.7,0.8221641233593,31103,"Olympia-Tumwater, WA",186996.9897,24.5,86.7,22.9,"Olympia, WA Metro Area",21,0
"305","36540",343054,263334,0.767616760043608,895999,941924,61,60,1,0.500972762645914,4.6,0.851947379405557,28941,"Omaha-Council Bluffs, NE-IA",1126639.6052,20.3,82.6,19.6,"Omaha-Council Bluffs, NE-IA Metro Area",22.5,1
"306","36660",31698,17715,0.558868067385955,83454,82764,436,440,-4,0.496108949416342,4.7,NA,19413,"Opelousas, LA",239290.451,26.5,76.5,23.4,"Opelousas-Eunice, LA Micro Area",6.4,0
"307","36700",32915,17306,0.525778520431414,90942,86934,417,426,-9,0.49124513618677,10.1,0.336181302368543,18229,"Orangeburg, SC",286467.63,27.2,75.5,25.4,"Orangeburg, SC Micro Area",11,0
"308","36740",780174,608503,0.779958060637755,2267846,2572962,27,22,5,0.504863813229572,8.9,0.711066359885107,23575,"Orlando-Kissimmee-Sanford, FL",901204.9786,27.1,88.3,26.8,"Orlando-Kissimmee, FL Metro Area",18.1,1
"309","36780",68985,49858,0.722736826846416,169541,171020,244,254,-10,0.490272373540856,4.9,0.927816870255572,26687,"Oshkosh-Neenah, WI",112531.4828,17.7,68.5,17.4,"Oshkosh-Neenah, WI Metro Area",19.6,0
"310","36860",59498,42256,0.710208746512488,151378,147853,275,293,-18,0.482490272373541,10.7,0.945236428014639,25962,"Ottawa-Peru, IL",560558.9861,23.1,76.8,20.6,"Ottawa-Streator, IL Micro Area",10.6,0
"311","36980",45776,32010,0.699274729115694,117149,119691,344,344,0,0.5,7.7,0.925283186369495,23851,"Owensboro, KY",232709.0348,19.1,71.9,20.6,"Owensboro, KY Metro Area",9.2,0
"312","37020",28093,20132,0.716619798526323,68900,68192,490,493,-3,0.497081712062257,14.2,NA,22859,"Owosso, MI",137471.0888,26.1,72.8,26.6,"Owosso, MI Micro Area",10.2,0
"313","37100",265788,215353,0.810243502340211,839620,850967,67,68,-1,0.499027237354086,7.7,0.791110264167123,29761,"Oxnard-Thousand Oaks-Ventura, CA",477338.1391,25.8,77.1,26.2,"Oxnard-Thousand Oaks-Ventura, CA Metro Area",18.9,0
"314","37140",38938,25236,0.648107247418974,95888,98658,399,394,5,0.504863813229572,8.9,0.874092691473386,20359,"Paducah, KY-IL",270846.8361,19.1,82.3,18.2,"Paducah, KY-IL Micro Area",13,0
"315","37260",25806,15596,0.604355576222584,72577,74163,476,472,4,0.503891050583658,10,0.778965788059578,17978,"Palatka, FL",188519.9824,26.5,76.8,31,"Palatka, FL Micro Area",7.9,0
"316","37340",218325,175316,0.803004694835681,550823,596849,99,95,4,0.503891050583658,11.7,0.835460755996028,24436,"Palm Bay-Melbourne-Titusville, FL",262996.054,23.8,83.4,23.1,"Palm Bay-Melbourne-Titusville, FL Metro Area",16.8,1
"317","37460",69032,51871,0.751405145439796,191522,202977,228,224,4,0.503891050583658,6.9,0.822182308037719,21562,"Panama City, FL",339818.252,21.6,85.4,21,"Panama City-Lynn Haven, FL Metro Area",13,0
"318","37620",38799,27518,0.709245083636176,92519,92499,411,412,-1,0.499027237354086,9.5,NA,21331,"Parkersburg-Vienna, WV",155081.0383,22.9,77.4,21.6,"Parkersburg-Marietta-Vienna, WV-OH Metro Area",10.1,0
"319","37860",172663,134899,0.781284930761078,466913,494883,111,109,2,0.501945525291829,10.3,0.75114421744522,24131,"Pensacola-Ferry Pass-Brent, FL",432177.9039,24.2,87,24.6,"Pensacola-Ferry Pass-Brent, FL Metro Area",16.3,0
"320","37900",152051,109745,0.721764407994686,382776,368683,138,147,-9,0.49124513618677,7.8,0.855826906598115,28501,"Peoria, IL",639973.3016,21,76.1,20.4,"Peoria, IL Metro Area",16.7,0
"321","37980",2218312,1715110,0.773159952251983,6034678,6096372,6,8,-2,0.498054474708171,9.5,0.6791875225157,30348,"Philadelphia-Camden-Wilmington, PA-NJ-DE-MD",1192014.5588,28.6,85.1,27.9,"Philadelphia-Camden-Wilmington, PA-NJ-DE-MD Metro Area",19.3,8
"322","38060",1553429,1188512,0.765089360376303,4398762,4857962,12,11,1,0.500972762645914,7.7,0.800817593677494,27179,"Phoenix-Mesa-Scottsdale, AZ",3772375.2759,25.8,84.5,26.5,"Phoenix-Mesa-Scottsdale, AZ Metro Area",17.4,4
"323","38220",35484,19263,0.542864389584038,96415,90306,396,416,-20,0.480544747081712,10.5,0.493346470984805,20800,"Pine Bluff, AR",525791.1386,22.2,75.8,20.8,"Pine Bluff, AR Metro Area",10.5,0
"324","38300",988106,725601,0.734335182662589,2360867,2324743,22,27,-5,0.495136186770428,7.1,0.874705351889793,26776,"Pittsburgh, PA",1367895.8451,26.1,82.6,24.6,"Pittsburgh, PA Metro Area",17.1,3
"325","38340",54963,41502,0.755089787675345,129585,126348,318,329,-11,0.489299610894942,8.5,0.920515491762164,27447,"Pittsfield, MA",240049.1048,20.5,85.3,19.2,"Pittsfield, MA Metro Area",17.4,0
"326","38460",31862,23110,0.725315422760655,81591,80695,442,448,-6,0.494163424124514,9.2,0.917760537314165,24951,"Plattsburgh, NY",268802.5812,19.9,77.9,17.9,"Plattsburgh, NY Micro Area",13,0
"327","38540",30265,22521,0.744126879233438,83249,87138,438,424,14,0.513618677042802,6.9,0.899025814123893,20462,"Pocatello, ID",288003.7048,17.9,86.7,17.3,"Pocatello, ID Metro Area",17.7,1
"328","38820",30606,23636,0.772266875775992,72312,76737,477,464,13,0.512645914396887,10.4,0.879812479256555,24782,"Port Angeles, WA",450315.7983,20.6,83.3,17.1,"Port Angeles, WA Micro Area",14,0
"329","38860",213413,168995,0.791868349163359,519900,535420,105,106,-1,0.499027237354086,6.2,0.939921138680516,27709,"Portland-South Portland, ME",538828.0775,24.1,83.4,23,"Portland-South Portland-Biddeford, ME Metro Area",22,1
"330","38900",881822,727784,0.8253184883117,2315089,2478996,24,25,-1,0.499027237354086,8.7,0.825509084100007,28738,"Portland-Vancouver-Hillsboro, OR-WA",1731131.313,25.7,80.3,24.4,"Portland-Vancouver-Beaverton, OR-WA Metro Area",20.7,1
"331","38940",165882,127256,0.767147731519996,438095,482040,118,111,7,0.506809338521401,10.9,0.779737271596343,22920,"Port St. Lucie, FL",288888.2297,27.1,85.3,25.9,"Port St. Lucie-Fort Pierce, FL Metro Area",13.7,0
"332","39020",29356,19496,0.664123177544625,78153,75502,458,469,-11,0.489299610894942,7.1,0.95068647396773,20691,"Portsmouth, OH",158045.032,26.2,85.8,25.4,"Portsmouth, OH Micro Area",7.7,0
"333","39060",58467,38415,0.657037303094053,146920,142067,290,300,-10,0.490272373540856,8,0.94350667029676,23809,"Pottsville, PA",201664.5898,24.5,71.9,24.4,"Pottsville, PA Micro Area",8.6,0
"334","39140",91064,67587,0.74219230431345,215133,231993,206,198,8,0.507782101167315,10.9,0.922187669953006,20307,"Prescott, AZ",2103992.008,23.7,83.6,20.6,"Prescott, AZ Metro Area",13.9,0
"335","39300",618975,469832,0.759048426834686,1604291,1621337,39,39,0,0.5,9.6,0.827870380124304,27057,"Providence-Warwick, RI-MA",411036.2048,25.2,82.5,23.6,"Providence-New Bedford-Fall River, RI-MA Metro Area",16.6,3
"336","39340",149549,125530,0.839390433904607,562338,632705,95,91,4,0.503891050583658,5.4,0.911094395185813,21397,"Provo-Orem, UT",1397370.2153,21,82.8,18.7,"Provo-Orem, UT Metro Area",25.2,1
"337","39380",62604,41317,0.659973803590825,161451,167529,258,261,-3,0.497081712062257,10.2,0.739171637215006,21336,"Pueblo, CO",617991.1297,20.7,82.9,21.2,"Pueblo, CO Metro Area",13.6,0
"338","39460",69035,51645,0.748098790468603,164736,184998,254,234,20,0.519455252918288,11.7,0.90376723970474,21669,"Punta Gorda, FL",176403.4033,23.3,86.5,21.3,"Punta Gorda, FL Metro Area",10.5,0
"339","39500",30647,21008,0.685483081541423,76786,76007,462,466,-4,0.496108949416342,7.2,0.934910009637173,22627,"Quincy, IL-MO",352302.4916,17.7,77.1,16.9,"Quincy, IL-MO Micro Area",14.3,0
"340","39540",72057,53024,0.735861887117143,195041,196584,225,229,-4,0.496108949416342,10.2,0.792069359775637,29360,"Racine, WI",86126.7826,24.2,70.5,21.4,"Racine, WI Metro Area",13.7,0
"341","39580",449589,369499,0.821859520584356,1214516,1362540,48,43,5,0.504863813229572,7.4,0.692172849102029,31312,"Raleigh, NC",548585.8939,25.6,82.8,25,"Raleigh-Cary, NC Metro Area",27.9,1
"342","39660",55969,42270,0.755239507584556,141324,147316,298,294,4,0.503891050583658,4.5,0.846629022671308,25010,"Rapid City, SD",2021370.0213,17.9,78.9,17.6,"Rapid City, SD Metro Area",18.6,0
"343","39740",153271,113654,0.741523184424973,413521,420152,129,129,0,0.5,8.4,0.828074027679368,27123,"Reading, PA",221804.0257,25.6,74.4,23.4,"Reading, PA Metro Area",14.9,0
"344","39820",69729,48848,0.700540664572846,178980,180040,237,238,-1,0.499027237354086,10.4,0.86135881104034,21417,"Redding, CA",977818.8572,19.9,83.4,19.2,"Redding, CA Metro Area",13.1,0
"345","39900",166432,129281,0.776779705825803,439047,471265,116,114,2,0.501945525291829,9.6,0.815327288422424,27101,"Reno, NV",1700405.1224,21.6,84.4,21.4,"Reno-Sparks, NV Metro Area",18,1
"346","39980",27425,16039,0.584831358249772,67893,65936,494,502,-8,0.492217898832685,9.2,0.901786634851899,20005,"Richmond, IN",104050.8997,19.3,74.1,21,"Richmond, IN Micro Area",9.1,0
"347","40060",467399,352028,0.753163785117212,1248513,1303621,45,45,0,0.5,7.9,0.608229950348935,28629,"Richmond, VA",1185249.1242,25.1,85.8,24.4,"Richmond, VA Metro Area",20,1
"348","40080",39116,27378,0.699918192044176,103433,108961,376,367,9,0.50875486381323,7.4,0.926251776512332,19963,"Richmond-Berea, KY",195245.3473,23.5,76.5,21.4,"Richmond-Berea, KY Micro Area",11.6,0
"349","40140",1297675,1000867,0.771277091721733,4380878,4622361,13,13,0,0.5,12.6,0.6426004102374,23456,"Riverside-San Bernardino-Ontario, CA",7061201.7093,31.3,82.1,31.1,"Riverside-San Bernardino-Ontario, CA Metro Area",12.5,1
"350","40220",128318,91232,0.710983649994545,311607,314515,162,161,1,0.500972762645914,6.6,0.826342155343109,24709,"Roanoke, VA",483999.2437,22.1,82.3,21.9,"Roanoke, VA Metro Area",15.6,0
"351","40260",29579,17354,0.586700023665438,74292,70250,471,486,-15,0.485408560311284,15.8,0.367145856889032,16080,"Roanoke Rapids, NC",326513.2246,23.3,75.9,23.3,"Roanoke Rapids, NC Micro Area",8.3,0
"352","40340",82956,67004,0.807705289551087,211853,219802,209,206,3,0.502918287937743,4.7,0.890263531788551,31800,"Rochester, MN",641595.096,19.3,81.7,17.9,"Rochester, MN Metro Area",20.9,0
"353","40380",425603,316137,0.742797865616549,1083278,1071082,52,52,0,0.5,8.1,0.807919112176191,26732,"Rochester, NY",845959.7611,20.9,80.6,20.4,"Rochester, NY Metro Area",18.3,1
"354","40420",131292,97923,0.745841330774152,344623,337658,149,154,-5,0.495136186770428,11.4,0.804673512795141,25234,"Rockford, IL",205684.7303,21.7,70.3,22.8,"Rockford, IL Metro Area",13,0
"355","40580",58462,33350,0.57045602271561,150667,146021,279,296,-17,0.483463035019455,13.7,0.49435510098429,21292,"Rocky Mount, NC",270823.5069,22,74.6,20.7,"Rocky Mount, NC Metro Area",10.2,0
"356","40660",33099,21770,0.657723798302064,95821,97927,400,398,2,0.501945525291829,10.5,0.768255392867952,20008,"Rome, GA",132069.4741,20.7,73.5,19.7,"Rome, GA Metro Area",8.2,0
"357","40700",43389,30273,0.697711401507294,106940,110283,367,362,5,0.504863813229572,11,0.918094258462689,20424,"Roseburg, OR",1304435.8476,21.7,73.9,20.6,"Roseburg, OR Micro Area",9.9,0
"358","40780",31676,19173,0.605284758176537,84440,85535,433,429,4,0.503891050583658,9.5,0.890478446234012,18703,"Russellville, AR",451317.3241,20.4,68.5,20.1,"Russellville, AR Micro Area",10.6,0
"359","40900",792639,621287,0.783820881889486,2215770,2345210,28,26,2,0.501945525291829,11.4,0.667733564404248,27290,"Sacramento--Roseville--Arden-Arcade, CA",1319519.1548,26,85.7,25.2,"Sacramento--Arden-Arcade--Roseville, CA Metro Area",19.9,0
"360","40980",77518,51707,0.667032173172682,196542,190800,223,233,-10,0.490272373540856,10.1,0.758418048050798,21420,"Saginaw, MI",207318.1634,21.2,79.1,21.1,"Saginaw-Saginaw Township North, MI Metro Area",10.2,0
"361","41060",72873,54690,0.750483718249557,191306,199801,229,227,2,0.501945525291829,4.9,0.916395722036946,26768,"St. Cloud, MN",453565.7122,20.5,76.4,20.6,"St. Cloud, MN Metro Area",14.9,0
"362","41100",49394,40289,0.815665870348625,147800,171700,285,253,32,0.531128404669261,6.1,0.908552097428958,23348,"St. George, UT",628567.2118,17.8,86.3,18.1,"St. George, UT Metro Area",13.9,0
"363","41140",46237,30851,0.667236196119991,128989,126991,321,327,-6,0.494163424124514,8,0.908286753133988,23607,"St. Joseph, MO-KS",428770.4814,19.2,72.3,19.3,"St. Joseph, MO-KS Metro Area",12.7,0
"364","41180",1105652,830628,0.751256272317149,2799609,2804724,19,20,-1,0.499027237354086,8.1,0.767104620680959,28875,"St. Louis, MO-IL",2036657.9725,25.2,82.5,24.6,"St. Louis, MO-IL Metro Area",17.8,4
"365","41420",142174,109154,0.767749377523317,400408,432102,134,127,7,0.506809338521401,9.3,0.859570737847396,22630,"Salem, OR",497757.3456,22,75,22.9,"Salem, OR Metro Area",14,0
"366","41500",125553,94707,0.754318893216411,428826,435594,122,126,-4,0.496108949416342,8.3,0.77843694178991,23796,"Salinas, CA",849673.1189,22.8,73.3,21.6,"Salinas, CA Metro Area",14.6,0
"367","41540",143465,103989,0.724838810859792,385438,409979,136,133,3,0.502918287937743,10.2,0.762008416399006,24252,"Salisbury, MD-DE",543512.226,22.6,83.8,21,"Salisbury, MD Metro Area",13.3,1
"368","41620",366765,292248,0.79682630567257,1140483,1222540,49,48,1,0.500972762645914,5.8,0.820820652302577,27383,"Salt Lake City, UT",1990161.57,22.3,81.2,21.9,"Salt Lake City, UT Metro Area",19.4,1
"369","41660",44059,31564,0.716403005061395,116914,119310,346,345,1,0.500972762645914,4.2,0.829430179448141,23677,"San Angelo, TX",666540.6266,17.8,76.5,16.2,"San Angelo, TX Metro Area",14.2,0
"370","41700",778939,562990,0.722765197274755,2277516,2518036,26,24,2,0.501945525291829,6.9,0.81138925039385,24744,"San Antonio-New Braunfels, TX",1893988.6213,25,84.2,24.9,"San Antonio, TX Metro Area",15.5,1
"371","41740",1093386,912842,0.83487624681494,3211252,3343364,17,17,0,0.5,9,0.714241984123326,29092,"San Diego-Carlsbad, CA",1089522.7071,24.9,84.5,25.2,"San Diego-Carlsbad-San Marcos, CA Metro Area",21.1,3
"372","41780",33168,23146,0.697841292812349,76048,74615,467,471,-4,0.496108949416342,8.1,0.869279928466232,24677,"Sandusky, OH",65162.8988,20.1,74.9,18.1,"Sandusky, OH Metro Area",12.7,0
"373","41860",1654554,1383072,0.835918319982303,4516276,4729484,11,12,-1,0.499027237354086,8,0.531988744709136,35851,"San Francisco-Oakland-Hayward, CA",641720.3879,31.1,86.4,28.3,"San Francisco-Oakland-Fremont, CA Metro Area",26.6,1
"374","41940",636628,554645,0.871223069045031,1919641,1999107,35,36,-1,0.499027237354086,8.3,0.483100746441652,37101,"San Jose-Sunnyvale-Santa Clara, CA",693838.7443,26.5,75.6,23.8,"San Jose-Sunnyvale-Santa Clara, CA Metro Area",25.4,1
"375","42020",104669,87521,0.836169257373243,276443,284010,170,173,-3,0.497081712062257,5.8,0.855062345582995,26105,"San Luis Obispo-Paso Robles-Arroyo Grande, CA",854854.9787,20.7,83.3,19.7,"San Luis Obispo-Paso Robles, CA Metro Area",19.5,0
"376","42100",93982,78742,0.837841288757422,269419,274255,177,179,-2,0.498054474708171,8.6,0.8073224234371,27020,"Santa Cruz-Watsonville, CA",115296.7332,25.7,77.9,23.7,"Santa Cruz-Watsonville, CA Metro Area",23.4,1
"377","42140",60405,43070,0.713020445327374,147423,150056,288,287,1,0.500972762645914,9,0.810307753878296,28488,"Santa Fe, NM",494541.2532,23,88.5,21.9,"Santa Fe, NM Metro Area",21.1,0
"378","42220",189087,156975,0.830173412238811,495025,499942,106,108,-2,0.498054474708171,8.4,0.76604817938488,29463,"Santa Rosa, CA",408140.1191,24.4,78.5,24.7,"Santa Rosa-Petaluma, CA Metro Area",19.7,0
"379","42340",132260,98105,0.741758657190383,366047,389494,144,138,6,0.505836575875486,10.8,0.611577201834737,25546,"Savannah, GA",347794.1518,22.9,82.9,24.2,"Savannah, GA Metro Area",17.7,0
"380","42540",223354,154851,0.693298530583737,562037,555485,96,101,-5,0.495136186770428,7.3,0.915336534783297,23577,"Scranton--Wilkes-Barre--Hazleton, PA",452319.79,21.3,82.2,21.3,"Scranton--Wilkes-Barre, PA Metro Area",13.9,0
"381","42620",29038,17256,0.594255802741236,78483,78727,457,456,1,0.500972762645914,7.3,0.918491902705044,20211,"Searcy, AR",268088.3279,23.2,75,20.5,"Searcy, AR Micro Area",9.2,0
"382","42660",1392337,1154343,0.829068680929976,3610105,3939363,15,15,0,0.5,7.3,0.72501215338612,33539,"Seattle-Tacoma-Bellevue, WA",1520911.0951,28.6,82.3,27.1,"Seattle-Tacoma-Bellevue, WA Metro Area",23.5,1
"383","42700",40368,25446,0.630350772889417,97616,105424,393,371,22,0.521400778210117,14.4,0.855740862153745,18376,"Sebring, FL",263292.368,20.8,80.6,21.7,"Sebring, FL Micro Area",8.8,0
"384","42860",29866,18978,0.635438291033282,75045,78374,470,457,13,0.512645914396887,7,0.885601972150043,21942,"Seneca, SC",162211.3934,24.3,66.9,21.2,"Seneca, SC Micro Area",12.1,0
"385","42940",36836,24595,0.667689217070257,93570,97892,408,400,8,0.507782101167315,7.9,NA,21250,"Sevierville, TN",153459.7705,23.5,85,23,"Sevierville, TN Micro Area",9,0
"386","43060",25894,15809,0.610527535336371,71158,72679,480,477,3,0.502918287937743,7.4,0.758228168301526,21961,"Shawnee, OK",204006.0547,22.8,79.8,22.5,"Shawnee, OK Micro Area",11.7,0
"387","43100",47295,35933,0.759763188497727,114922,115456,351,353,-2,0.498054474708171,5.7,0.900958911261551,26832,"Sheboygan, WI",132420.098,18.2,58.8,16.2,"Sheboygan, WI Metro Area",14.5,0
"388","43140",38409,22992,0.598609700851363,97047,97645,395,401,-6,0.494163424124514,12.6,0.75016229249745,21545,"Shelby, NC",120256.2646,23.4,77,22.1,"Shelby, NC Micro Area",10.4,0
"389","43300",46311,31593,0.682192135777677,122353,133991,336,315,21,0.520428015564202,9.5,0.875450540648779,24194,"Sherman-Denison, TX",241598.9108,24.3,81.4,23.5,"Sherman-Denison, TX Metro Area",13.3,0
"390","43340",169481,109366,0.645299473097279,446471,436341,114,125,-11,0.489299610894942,6.6,0.565788147494462,23945,"Shreveport-Bossier City, LA",825735.5725,21.3,83,20.5,"Shreveport-Bossier City, LA Metro Area",14.5,0
"391","43420",48368,35741,0.73893896791267,129473,126770,319,328,-9,0.49124513618677,8.7,0.828906412920068,23733,"Sierra Vista-Douglas, AZ",1596898.2233,18.6,88.1,17.8,"Sierra Vista-Douglas, AZ Micro Area",13.4,0
"392","43580",63754,42250,0.662703516642093,168491,169354,248,257,-9,0.49124513618677,6.1,0.870432248606751,23367,"Sioux City, IA-NE-SD",760665.2277,17.6,70.9,17,"Sioux City, IA-NE-SD Metro Area",15.2,0
"393","43620",94244,72754,0.771974873732015,243637,266100,191,187,4,0.503891050583658,3.1,0.898434966774341,29799,"Sioux Falls, SD",667107.9051,18.7,83.7,17.2,"Sioux Falls, SD Metro Area",20,0
"394","43740",30066,20020,0.665868422803166,76520,73952,464,473,-9,0.49124513618677,7.7,0.95697856769472,22234,"Somerset, PA",278259.7179,23.3,78.3,22.8,"Somerset, PA Micro Area",9.3,0
"395","43780",123138,85032,0.690542318374507,318619,322424,156,157,-1,0.499027237354086,9.2,0.809396175369328,21643,"South Bend-Mishawaka, IN-MI",245526.7304,21.8,75.4,20.3,"South Bend-Mishawaka, IN-MI Metro Area",14.1,1
"396","43900",119827,82181,0.685830405501264,318999,341298,155,152,3,0.502918287937743,8.8,0.720177806200019,22113,"Spartanburg, SC",342431.3941,23.1,75.6,20.9,"Spartanburg, SC Metro Area",11.9,0
"397","44060",208513,162494,0.779299132428194,535189,573527,101,99,2,0.501945525291829,8.2,0.897396994332843,24338,"Spokane-Spokane Valley, WA",1461151.3157,21.9,84.6,20.2,"Spokane, WA Metro Area",16.7,0
"398","44100",87918,68586,0.780113287381424,211695,207676,210,220,-10,0.490272373540856,8.5,0.83867356338128,30572,"Springfield, IL",306328.0701,19,88.7,19,"Springfield, IL Metro Area",17.5,0
"399","44140",234947,177897,0.757179278730948,626915,631761,87,92,-5,0.495136186770428,9.8,0.806728184841645,24719,"Springfield, MA",296400.7223,22.8,84.5,21.8,"Springfield, MA Metro Area",16.2,1
"400","44180",179138,122829,0.685666916008887,450498,468126,113,115,-2,0.498054474708171,7.5,0.921375899560042,21819,"Springfield, MO",778762.7619,22.2,84.6,21.5,"Springfield, MO Metro Area",14.8,0
"401","44220",54372,38037,0.699569631427941,136167,134585,305,312,-7,0.493190661478599,8.6,0.864857123972769,23507,"Springfield, OH",102946.937,22.5,78.9,22.1,"Springfield, OH Metro Area",10.3,0
"402","44300",56729,47362,0.834881630206773,155403,162805,266,266,0,0.5,5.3,0.893470525022039,22734,"State College, PA",287468.7362,20.7,86,19.8,"State College, PA Metro Area",21.1,1
"403","44420",46086,30012,0.651217289415441,117077,123007,345,337,8,0.507782101167315,6.1,0.9038068963161,25177,"Staunton-Waynesboro, VA",259523.6023,21.2,82.5,20.3,"Staunton-Waynesboro, VA Micro Area",14.1,0
"404","44700",216309,158597,0.733196492055347,704379,752660,79,78,1,0.500972762645914,13.4,0.554518235211442,22337,"Stockton-Lodi, CA",360364.7025,31.3,77.7,29.4,"Stockton, CA Metro Area",12.6,0
"405","44940",39739,26599,0.669342459548554,108123,106512,362,370,-8,0.492217898832685,11.6,0.488009026756564,22147,"Sumter, SC",172253.76,21,76.3,24.9,"Sumter, SC Metro Area",9.7,0
"406","44980",39428,26605,0.6747742720909,94076,91083,406,415,-9,0.49124513618677,7.2,0.954940686253667,23150,"Sunbury, PA",118716.6422,22.8,76.9,21.5,"Sunbury, PA Micro Area",8.9,0
"407","45060",256161,194755,0.760283571660011,661934,650502,81,89,-8,0.492217898832685,8.3,0.846986255427278,26783,"Syracuse, NY",617690.794,21.1,84.5,19.7,"Syracuse, NY Metro Area",15.2,2
"408","45180",36038,21315,0.591459015483656,92206,92812,413,410,3,0.502918287937743,13.7,NA,19642,"Talladega-Sylacauga, AL",359413.5648,23.5,70.3,22.9,"Talladega-Sylacauga, AL Micro Area",7.9,0
"409","45220",143291,108157,0.754806652197277,373961,387455,142,139,3,0.502918287937743,11.2,0.615203189637422,24855,"Tallahassee, FL",618405.007,21.7,92.3,22.6,"Tallahassee, FL Metro Area",21.2,2
"410","45300",1139923,868599,0.761980414466591,2870569,3142663,18,18,0,0.5,8.9,0.792056557428162,25284,"Tampa-St. Petersburg-Clearwater, FL",651293.2308,26.1,87.1,25.5,"Tampa-St. Petersburg-Clearwater, FL Metro Area",16.4,1
"411","45460",63793,42187,0.661310802125625,168400,168679,249,258,-9,0.49124513618677,7.4,0.910279097387173,21441,"Terre Haute, IN",379439.1201,21.6,76.2,23.1,"Terre Haute, IN Metro Area",12.4,0
"412","45500",54354,34365,0.632244177061486,149800,151675,281,278,3,0.502918287937743,8.4,0.703424566088118,20627,"Texarkana, TX-AR",529095.7332,18,80.7,18.9,"Texarkana, TX-Texarkana, AR Metro Area",10.1,0
"413","45780",242975,174263,0.717205473814178,608145,602871,90,94,-4,0.496108949416342,10.3,0.783480913269039,22334,"Toledo, OH",353146.7479,20.5,77.9,19.3,"Toledo, OH Metro Area",14.4,2
"414","45820",92747,65821,0.709683332075431,234203,232594,193,197,-4,0.496108949416342,8.2,0.862076916179554,26857,"Topeka, KS",837247.0747,21.6,84.1,20.4,"Topeka, KS Metro Area",16.8,0
"415","45860",75029,59837,0.797518292926735,186924,181111,232,237,-5,0.495136186770428,7.3,0.930757955104748,34754,"Torrington, CT",238426.2297,26.6,78.4,26.2,"Torrington, CT Micro Area",19.5,0
"416","45900",56163,40758,0.725709096736285,146358,149914,292,288,4,0.503891050583658,8.3,0.943194085734979,23352,"Traverse City, MI",437994.0086,22.4,80.6,20.9,"Traverse City, MI Micro Area",18.5,0
"417","45940",131623,102937,0.782059366524088,370414,369811,143,146,-3,0.497081712062257,9.2,0.605360488534451,30666,"Trenton, NJ",58162.9671,27.6,86.7,27,"Trenton-Ewing, NJ Metro Area",20.3,1
"418","46020",39115,31470,0.804550683880864,98200,99696,391,388,3,0.502918287937743,8.5,0.913431771894094,25580,"Truckee-Grass Valley, CA",248063.8607,24,85.3,24,"Truckee-Grass Valley, CA Micro Area",22.4,0
"419","46060",391975,295040,0.752701065118949,996554,1039073,54,54,0,0.5,10.7,0.777685905630804,22997,"Tucson, AZ",2379432.5411,24.7,84.6,23.2,"Tucson, AZ Metro Area",18,0
"420","46100",39107,24554,0.627867133761219,100895,104410,384,373,11,0.510700389105058,9,0.907864611725061,20024,"Tullahoma-Manchester, TN",288180.0366,20.4,69.4,22.7,"Tullahoma, TN Micro Area",11,0
"421","46140",369747,261390,0.706942855520126,961321,993928,56,56,0,0.5,6.6,0.72411816656455,25866,"Tulsa, OK",1623799.8497,21.2,78.3,20.3,"Tulsa, OK Metro Area",17.8,1
"422","46180",51082,32115,0.628695039348498,139671,140552,301,304,-3,0.497081712062257,6.4,0.756320209635501,22207,"Tupelo, MS",383442.5194,20.1,68.7,19.9,"Tupelo, MS Micro Area",13.4,0
"423","46220",81401,54288,0.66692055380155,234008,244895,195,193,2,0.501945525291829,8.7,0.634055245974497,21795,"Tuscaloosa, AL",737381.8335,22.8,75.4,22.4,"Tuscaloosa, AL Metro Area",14.1,1
"424","46300",36474,26080,0.715029884301146,101176,109264,383,365,18,0.517509727626459,5.4,0.945085791096703,21698,"Twin Falls, ID",652265.0504,17.2,71,16.1,"Twin Falls, ID Micro Area",12.4,0
"425","46340",79043,58156,0.735751426438774,216080,230221,204,201,3,0.502918287937743,7.7,0.775985746019993,23976,"Tyler, TX",238670.0344,24.6,76.9,21.3,"Tyler, TX Metro Area",14.6,0
"426","46380",33609,23343,0.694546103722217,87192,87606,427,420,7,0.506809338521401,11.3,0.803881090008258,18885,"Ukiah, CA",908141.5725,18.5,80.8,19.2,"Ukiah, CA Micro Area",16.1,0
"427","46540",116113,82130,0.707328206144015,297766,291410,166,168,-2,0.498054474708171,7.6,0.882592371190801,23620,"Utica-Rome, NY",679598.162,19.5,81.1,19.5,"Utica-Rome, NY Metro Area",12,0
"428","46660",51631,34025,0.659003311963743,143947,145577,295,297,-2,0.498054474708171,13.7,0.598060397229536,20034,"Valdosta, GA",411644.1967,19,84.2,18.3,"Valdosta, GA Metro Area",14.8,0
"429","46700",142577,115900,0.812894085301276,424788,446610,123,122,1,0.500972762645914,11.5,0.532498563989567,29772,"Vallejo-Fairfield, CA",212837.9537,30.8,81.5,29.2,"Vallejo-Fairfield, CA Metro Area",16.7,1
"430","47020",35115,23473,0.668460771749964,96135,99047,397,390,7,0.506809338521401,5.1,0.856774327768243,24860,"Victoria, TX",449143.2535,19.7,71.5,21.4,"Victoria, TX Metro Area",10.7,0
"431","47220",50066,35238,0.703830943155035,157332,150972,263,284,-21,0.479571984435798,14.9,0.609265756489462,20770,"Vineland-Bridgeton, NJ",125293.7239,21.4,81.3,39.6,"Vineland-Millville-Bridgeton, NJ Metro Area",11.6,0
"432","47260",625540,493242,0.788505930875723,1706816,1729114,38,38,0,0.5,7.9,0.60545366342945,28044,"Virginia Beach-Norfolk-Newport News, VA-NC",697234.5097,24,85.1,23.4,"Virginia Beach-Norfolk-Newport News, VA-NC Metro Area",16.9,3
"433","47300",133409,82935,0.621659708115644,454143,465861,112,116,-4,0.496108949416342,13,0.843353305016261,17781,"Visalia-Porterville, CA",1249477.6875,21.1,68.6,21.5,"Visalia-Porterville, CA Metro Area",8.9,0
"434","47380",93195,57953,0.621846665593648,257083,270566,186,182,4,0.503891050583658,6.4,0.740706308857451,21307,"Waco, TX",466869.4471,18.8,81.4,18,"Waco, TX Metro Area",13.5,1
"435","47580",66537,47698,0.716864301065573,185623,193729,233,230,3,0.502918287937743,8.8,0.604165432085464,26625,"Warner Robins, GA",200692.3538,21.1,84.7,20,"Warner Robins, GA Metro Area",13.8,0
"436","47700",28649,19747,0.689273622115955,77963,79344,460,452,8,0.507782101167315,5.7,0.935328296756154,26584,"Warsaw, IN",137637.2907,19.8,49,19.3,"Warsaw, IN Micro Area",10.1,0
"437","47900",2133062,1810084,0.848584804379807,5950214,6251240,7,6,1,0.500972762645914,6.7,0.561062509684526,41498,"Washington-Arlington-Alexandria, DC-VA-MD-WV",1617810.6918,34,90.5,33.4,"Washington-Arlington-Alexandria, DC-VA-MD-WV Metro Area",24.6,8
"438","47940",66602,51253,0.769541455211555,169484,169659,245,255,-10,0.490272373540856,7.2,0.891570885747327,26694,"Waterloo-Cedar Falls, IA",389300.8619,16.4,75.1,17.1,"Waterloo-Cedar Falls, IA Metro Area",15.7,0
"439","48020",32613,24790,0.760126329991108,84509,85129,432,430,2,0.501945525291829,4.8,0.94955566862701,26427,"Watertown-Fort Atkinson, WI",144123.4317,22.5,70.9,22.2,"Watertown-Fort Atkinson, WI Micro Area",13.4,0
"440","48060",42466,32952,0.77596194602741,119504,111755,340,360,-20,0.480544747081712,12.1,0.857285111795421,24444,"Watertown-Fort Drum, NY",328585.8287,18.1,84.2,22.5,"Watertown-Fort Drum, NY Micro Area",12.7,0
"441","48140",54422,40269,0.739939730256146,135416,135428,309,310,-1,0.499027237354086,4.5,0.91778667218054,27040,"Wausau, WI",400153.9245,19.4,71.1,17.7,"Wausau, WI Metro Area",15.3,0
"442","48260",50523,32800,0.649209271025078,124718,120228,333,342,-9,0.49124513618677,6.3,0.942205615869401,21584,"Weirton-Steubenville, WV-OH",150224.0255,24.5,79,22.7,"Weirton-Steubenville, WV-OH Metro Area",8.6,0
"443","48300",41368,27254,0.6588184103655,113438,119943,353,343,10,0.509727626459144,5.2,0.842548352403956,24476,"Wenatchee, WA",1227610.8825,19,72.8,16.3,"Wenatchee, WA Metro Area",17,0
"444","48540",60546,40883,0.67523866151356,145757,140045,293,306,-13,0.487354085603113,5.7,0.946355921156445,22265,"Wheeling, WV-OH",244337.1418,21.4,80.6,21.9,"Wheeling, WV-OH Metro Area",9.8,0
"445","48580",40292,31617,0.784696713987888,102945,103718,377,376,1,0.500972762645914,8.4,0.940774199815435,25991,"Whitewater-Elkhorn, WI",143808.0813,24.5,70.4,23.4,"Whitewater, WI Micro Area",15,0
"446","48620",242612,172597,0.711411636687386,637989,645031,85,90,-5,0.495136186770428,6.5,0.837520709604711,26547,"Wichita, KS",1298136.4606,19,72,18,"Wichita, KS Metro Area",16.8,1
"447","48660",57532,41593,0.722954182020441,151201,151306,276,280,-4,0.496108949416342,5.7,0.817309409329303,22489,"Wichita Falls, TX",678477.9872,15.9,81.1,16.4,"Wichita Falls, TX Metro Area",14.1,0
"448","48700",44961,30185,0.671359622784191,116754,113664,347,356,-9,0.49124513618677,9.4,0.922606505986947,21995,"Williamsport, PA",318206.0991,20,76.9,19.1,"Williamsport, PA Metro Area",10.3,0
"449","48900",106814,82312,0.770610594116876,268601,294436,178,166,12,0.511673151750973,9.7,0.796426670042181,24623,"Wilmington, NC",274902.2198,22.6,85.1,21.7,"Wilmington, NC Metro Area",19.9,1
"450","48980",31657,20783,0.656505670151941,81667,81455,441,447,-6,0.494163424124514,7.6,0.501193872678071,23606,"Wilson, NC",95348.3115,20,75.4,19.2,"Wilson, NC Micro Area",12.4,0
"451","49020",49477,31820,0.643127109566061,126900,141848,325,301,24,0.523346303501946,6,0.884018912529551,28096,"Winchester, VA-WV",275343.6712,29.2,79.9,29.7,"Winchester, VA-WV Metro Area",13.2,0
"452","49180",255660,181043,0.70813971681139,650820,671456,83,85,-2,0.498054474708171,9.2,0.763810270120771,23913,"Winston-Salem, NC",520185.1143,22.8,78.9,21.8,"Winston-Salem, NC Metro Area",17.2,1
"453","49220",31724,22506,0.709431345353675,73959,73055,472,476,-4,0.496108949416342,7.9,0.945172325207209,24603,"Wisconsin Rapids-Marshfield, WI",205372.2456,19.1,70.7,17.9,"Wisconsin Rapids-Marshfield, WI Micro Area",10.9,0
"454","49300",43848,30007,0.684341361065499,115071,115967,350,352,-2,0.498054474708171,3.6,0.960250627873226,24888,"Wooster, OH",143725.7218,20.4,67.8,20.1,"Wooster, OH Micro Area",10.1,0
"455","49340",345518,273832,0.792526004433922,926710,947866,59,58,1,0.500972762645914,7.9,0.857216389161658,29721,"Worcester, MA-CT",524088.4091,27.9,80.4,26.9,"Worcester, MA Metro Area",20.6,2
"456","49420",79742,53532,0.671314990845477,247044,251446,190,191,-1,0.499027237354086,9.9,0.737018506824695,20795,"Yakima, WA",1112545.0097,18.4,72.6,18.4,"Yakima, WA Metro Area",10.6,0
"457","49620",164937,121756,0.738197008554782,438965,448273,117,121,-4,0.496108949416342,7.8,0.892182748055084,27391,"York-Hanover, PA",234188.4216,26.8,74.7,23.8,"York-Hanover, PA Metro Area",12.3,0
"458","49660",229074,149182,0.651239337506657,555506,538952,98,105,-7,0.493190661478599,8.7,0.855763934142926,22402,"Youngstown-Warren-Boardman, OH-PA",440915.6947,21.3,76.4,20.9,"Youngstown-Warren-Boardman, OH-PA Metro Area",11.7,0
"459","49700",56806,41245,0.726067668908214,168690,174848,247,247,0,0.5,14.9,0.715940482541941,21473,"Yuba City, CA",319722.0091,28,79.5,26.5,"Yuba City, CA Metro Area",10.8,0
"460","49740",69744,46424,0.665634319798119,201201,212128,218,214,4,0.503891050583658,13,0.764852063359526,21033,"Yuma, AZ",1428119.1792,18.5,79.7,19.9,"Yuma, AZ Metro Area",8.7,0
"461","49780",34207,23252,0.679743912064782,85231,86183,430,428,2,0.501945525291829,9,0.92302096654973,21659,"Zanesville, OH",172132.8071,23.4,81.2,23.3,"Zanesville, OH Micro Area",6.6,0
