GEOGRAPHY_CODE,uni.freq
E34000001,0
E34000002,0
E34000003,0
E34000004,0
E34000005,0
E34000006,0
E34000007,0
E34000008,0
E34000009,0
E34000010,0
E34000011,0
E34000012,0
E34000013,0
E34000014,0
E34000015,0
E34000016,0
E34000017,0
E34000018,0
E34000019,0
E34000020,0
E34000021,0
E34000022,0
E34000023,0
E34000024,0
E34000025,0
E34000026,0
E34000027,0
E34000028,0
E34000029,0
E34000030,0
E34000031,0
E34000032,0
E34000033,0
E34000034,0
E34000035,0
E34000036,0
E34000037,0
E34000038,0
E34000039,0
E34000040,0
E34000041,0
E34000042,0
E34000043,0
E34000044,0
E34000045,0
E34000046,0
E34000047,0
E34000048,0
E34000049,0
E34000050,0
E34000051,0
E34000052,0
E34000053,0
E34000054,0
E34000055,0
E34000056,0
E34000057,0
E34000058,0
E34000059,0
E34000060,0
E34000061,0
E34000062,0
E34000063,0
E34000064,0
E34000065,0
E34000066,0
E34000067,0
E34000068,0
E34000069,0
E34000070,0
E34000071,0
E34000072,0
E34000073,0
E34000074,0
E34000075,0
E34000076,0
E34000077,0
E34000078,0
E34000079,0
E34000080,0
E34000081,0
E34000082,0
E34000083,0
E34000084,0
E34000085,0
E34000086,0
E34000087,0
E34000088,0
E34000089,0
E34000090,0
E34000091,0
E34000092,0
E34000093,0
E34000094,0
E34000095,0
E34000096,0
E34000097,0
E34000098,0
E34000099,0
E34000100,0
E34000101,0
E34000102,0
E34000103,0
E34000104,0
E34000105,0
E34000106,0
E34000107,0
E34000108,0
E34000109,0
E34000110,0
E34000111,0
E34000112,0
E34000113,0
E34000114,0
E34000115,0
E34000116,0
E34000117,0
E34000118,0
E34000119,0
E34000120,0
E34000121,0
E34000122,0
E34000123,0
E34000124,0
E34000125,0
E34000126,0
E34000127,0
E34000128,0
E34000129,0
E34000130,0
E34000131,1
E34000132,0
E34000133,0
E34000134,0
E34000135,0
E34000136,0
E34000137,0
E34000138,0
E34000139,0
E34000140,0
E34000141,0
E34000142,0
E34000143,0
E34000144,0
E34000145,0
E34000146,0
E34000147,0
E34000148,0
E34000149,0
E34000150,0
E34000151,0
E34000152,0
E34000153,0
E34000154,0
E34000155,0
E34000156,0
E34000157,0
E34000158,0
E34000159,0
E34000160,0
E34000161,0
E34000162,0
E34000163,0
E34000164,0
E34000165,0
E34000166,0
E34000167,0
E34000168,0
E34000169,0
E34000170,0
E34000171,0
E34000172,0
E34000173,0
E34000174,0
E34000175,0
E34000176,0
E34000177,0
E34000178,0
E34000179,0
E34000180,0
E34000181,0
E34000182,0
E34000183,0
E34000184,0
E34000185,0
E34000186,0
E34000187,0
E34000188,0
E34000189,0
E34000190,0
E34000191,0
E34000192,0
E34000193,0
E34000194,0
E34000195,0
E34000196,0
E34000197,0
E34000198,0
E34000199,0
E34000200,0
E34000201,0
E34000202,0
E34000203,0
E34000204,0
E34000205,0
E34000206,0
E34000207,0
E34000208,0
E34000209,0
E34000210,0
E34000211,0
E34000212,0
E34000213,0
E34000214,0
E34000215,0
E34000216,0
E34000217,0
E34000218,0
E34000219,0
E34000220,0
E34000221,0
E34000222,0
E34000223,0
E34000224,0
E34000225,0
E34000226,0
E34000227,0
E34000228,0
E34000229,0
E34000230,0
E34000231,0
E34000232,0
E34000233,0
E34000234,0
E34000235,0
E34000236,0
E34000237,0
E34000238,0
E34000239,0
E34000240,0
E34000241,0
E34000242,0
E34000243,0
E34000244,0
E34000245,0
E34000246,0
E34000247,0
E34000248,0
E34000249,0
E34000250,0
E34000251,0
E34000252,0
E34000253,0
E34000254,0
E34000255,0
E34000256,0
E34000257,0
E34000258,0
E34000259,0
E34000260,0
E34000261,0
E34000262,0
E34000263,0
E34000264,0
E34000265,0
E34000266,0
E34000267,0
E34000268,0
E34000269,0
E34000270,0
E34000271,0
E34000272,0
E34000273,0
E34000274,0
E34000275,0
E34000276,0
E34000277,0
E34000278,0
E34000279,0
E34000280,0
E34000281,0
E34000282,0
E34000283,0
E34000284,0
E34000285,0
E34000286,0
E34000287,0
E34000288,0
E34000289,0
E34000290,0
E34000291,0
E34000292,0
E34000293,0
E34000294,0
E34000295,0
E34000296,0
E34000297,0
E34000298,0
E34000299,0
E34000300,0
E34000301,0
E34000302,0
E34000303,0
E34000304,0
E34000305,0
E34000306,0
E34000307,0
E34000308,0
E34000309,0
E34000310,0
E34000311,0
E34000312,0
E34000313,0
E34000314,0
E34000315,0
E34000316,0
E34000317,0
E34000318,0
E34000319,0
E34000320,0
E34000321,0
E34000322,0
E34000323,1
E34000324,0
E34000325,0
E34000326,0
E34000327,0
E34000328,0
E34000329,0
E34000330,0
E34000331,0
E34000332,0
E34000333,0
E34000334,0
E34000335,0
E34000336,0
E34000337,0
E34000338,0
E34000339,0
E34000340,0
E34000341,0
E34000342,0
E34000343,0
E34000344,0
E34000345,0
E34000346,0
E34000347,0
E34000348,0
E34000349,0
E34000350,0
E34000351,0
E34000352,0
E34000353,0
E34000354,0
E34000355,0
E34000356,0
E34000357,0
E34000358,0
E34000359,0
E34000360,0
E34000361,0
E34000362,0
E34000363,0
E34000364,0
E34000365,0
E34000366,0
E34000367,0
E34000368,0
E34000369,0
E34000370,0
E34000371,0
E34000372,0
E34000373,0
E34000374,0
E34000375,0
E34000376,0
E34000377,0
E34000378,0
E34000379,0
E34000380,0
E34000381,0
E34000382,0
E34000383,0
E34000384,0
E34000385,0
E34000386,0
E34000387,0
E34000388,0
E34000389,0
E34000390,0
E34000391,0
E34000392,0
E34000393,0
E34000394,0
E34000395,0
E34000396,0
E34000397,0
E34000398,0
E34000399,0
E34000400,0
E34000401,0
E34000402,0
E34000403,0
E34000404,0
E34000405,0
E34000406,0
E34000407,0
E34000408,0
E34000409,0
E34000410,0
E34000411,0
E34000412,0
E34000413,0
E34000414,0
E34000415,0
E34000416,0
E34000417,0
E34000418,0
E34000419,0
E34000420,0
E34000421,0
E34000422,0
E34000423,0
E34000424,0
E34000425,0
E34000426,0
E34000427,0
E34000428,0
E34000429,0
E34000430,0
E34000431,0
E34000432,0
E34000433,0
E34000434,0
E34000435,0
E34000436,0
E34000437,0
E34000438,0
E34000439,0
E34000440,0
E34000441,0
E34000442,0
E34000443,0
E34000444,0
E34000445,0
E34000446,0
E34000447,0
E34000448,0
E34000449,0
E34000450,0
E34000451,0
E34000452,0
E34000453,0
E34000454,0
E34000455,0
E34000456,0
E34000457,0
E34000458,0
E34000459,0
E34000460,0
E34000461,0
E34000462,0
E34000463,0
E34000464,0
E34000465,0
E34000466,0
E34000467,0
E34000468,0
E34000469,0
E34000470,0
E34000471,0
E34000472,0
E34000473,0
E34000474,0
E34000475,0
E34000476,0
E34000477,0
E34000478,0
E34000479,0
E34000480,0
E34000481,0
E34000482,0
E34000483,0
E34000484,0
E34000485,0
E34000486,0
E34000487,0
E34000488,0
E34000489,0
E34000490,0
E34000491,0
E34000492,0
E34000493,0
E34000494,0
E34000495,0
E34000496,0
E34000497,0
E34000498,0
E34000499,0
E34000500,0
E34000501,0
E34000502,0
E34000503,0
E34000504,0
E34000505,0
E34000506,0
E34000507,0
E34000508,0
E34000509,0
E34000510,0
E34000511,0
E34000512,0
E34000513,0
E34000514,0
E34000515,0
E34000516,0
E34000517,0
E34000518,0
E34000519,0
E34000520,0
E34000521,0
E34000522,0
E34000523,0
E34000524,0
E34000525,0
E34000526,0
E34000527,0
E34000528,0
E34000529,0
E34000530,0
E34000531,0
E34000532,0
E34000533,0
E34000534,0
E34000535,0
E34000536,0
E34000537,0
E34000538,0
E34000539,0
E34000540,0
E34000541,0
E34000542,0
E34000543,0
E34000544,0
E34000545,0
E34000546,0
E34000547,0
E34000548,0
E34000549,0
E34000550,0
E34000551,0
E34000552,0
E34000553,0
E34000554,0
E34000555,0
E34000556,0
E34000557,0
E34000558,0
E34000559,0
E34000560,0
E34000561,0
E34000562,0
E34000563,0
E34000564,0
E34000565,0
E34000566,0
E34000567,0
E34000568,0
E34000569,0
E34000570,0
E34000571,0
E34000572,0
E34000573,0
E34000574,0
E34000575,0
E34000576,0
E34000577,0
E34000578,0
E34000579,0
E34000580,0
E34000581,0
E34000582,0
E34000583,0
E34000584,0
E34000585,0
E34000586,0
E34000587,0
E34000588,0
E34000589,0
E34000590,0
E34000591,0
E34000592,0
E34000593,0
E34000594,0
E34000595,0
E34000596,0
E34000597,1
E34000598,0
E34000599,0
E34000600,0
E34000601,0
E34000602,0
E34000603,0
E34000604,0
E34000605,0
E34000606,0
E34000607,0
E34000608,0
E34000609,0
E34000610,0
E34000611,0
E34000612,0
E34000613,0
E34000614,0
E34000615,0
E34000616,0
E34000617,0
E34000618,0
E34000619,0
E34000620,0
E34000621,0
E34000622,0
E34000623,0
E34000624,0
E34000625,0
E34000626,0
E34000627,0
E34000628,0
E34000629,0
E34000630,0
E34000631,0
E34000632,0
E34000633,0
E34000634,0
E34000635,0
E34000636,0
E34000637,0
E34000638,0
E34000639,0
E34000640,0
E34000641,0
E34000642,0
E34000643,0
E34000644,0
E34000645,0
E34000646,0
E34000647,0
E34000648,0
E34000649,0
E34000650,0
E34000651,0
E34000652,0
E34000653,0
E34000654,0
E34000655,0
E34000656,0
E34000657,0
E34000658,0
E34000659,0
E34000660,0
E34000661,0
E34000662,0
E34000663,0
E34000664,0
E34000665,0
E34000666,0
E34000667,0
E34000668,0
E34000669,0
E34000670,0
E34000671,0
E34000672,0
E34000673,0
E34000674,0
E34000675,0
E34000676,0
E34000677,0
E34000678,0
E34000679,0
E34000680,0
E34000681,0
E34000682,0
E34000683,0
E34000684,0
E34000685,0
E34000686,0
E34000687,0
E34000688,0
E34000689,0
E34000690,0
E34000691,0
E34000692,0
E34000693,0
E34000694,0
E34000695,0
E34000696,0
E34000697,0
E34000698,0
E34000699,0
E34000700,0
E34000701,0
E34000702,0
E34000703,0
E34000704,0
E34000705,0
E34000706,0
E34000707,0
E34000708,0
E34000709,0
E34000710,0
E34000711,0
E34000712,0
E34000713,0
E34000714,0
E34000715,0
E34000716,0
E34000717,0
E34000718,0
E34000719,0
E34000720,0
E34000721,0
E34000722,0
E34000723,0
E34000724,0
E34000725,0
E34000726,0
E34000727,0
E34000728,0
E34000729,0
E34000730,0
E34000731,0
E34000732,0
E34000733,0
E34000734,0
E34000735,0
E34000736,0
E34000737,0
E34000738,0
E34000739,0
E34000740,0
E34000741,0
E34000742,0
E34000743,0
E34000744,0
E34000745,0
E34000746,0
E34000747,0
E34000748,0
E34000749,0
E34000750,0
E34000751,0
E34000752,0
E34000753,0
E34000754,0
E34000755,0
E34000756,0
E34000757,0
E34000758,0
E34000759,0
E34000760,0
E34000761,0
E34000762,0
E34000763,0
E34000764,0
E34000765,0
E34000766,0
E34000767,0
E34000768,0
E34000769,0
E34000770,0
E34000771,0
E34000772,0
E34000773,0
E34000774,0
E34000775,0
E34000776,0
E34000777,0
E34000778,0
E34000779,0
E34000780,0
E34000781,0
E34000782,0
E34000783,0
E34000784,0
E34000785,0
E34000786,0
E34000787,0
E34000788,0
E34000789,0
E34000790,0
E34000791,0
E34000792,0
E34000793,0
E34000794,0
E34000795,0
E34000796,0
E34000797,0
E34000798,0
E34000799,0
E34000800,0
E34000801,0
E34000802,0
E34000803,0
E34000804,0
E34000805,0
E34000806,0
E34000807,0
E34000808,0
E34000809,0
E34000810,0
E34000811,0
E34000812,0
E34000813,0
E34000814,0
E34000815,0
E34000816,0
E34000817,0
E34000818,0
E34000819,0
E34000820,0
E34000821,0
E34000822,0
E34000823,0
E34000824,0
E34000825,0
E34000826,0
E34000827,0
E34000828,0
E34000829,0
E34000830,0
E34000831,0
E34000832,0
E34000833,0
E34000834,0
E34000835,0
E34000836,0
E34000837,0
E34000838,0
E34000839,0
E34000840,0
E34000841,0
E34000842,0
E34000843,0
E34000844,0
E34000845,0
E34000846,0
E34000847,0
E34000848,0
E34000849,0
E34000850,0
E34000851,0
E34000852,0
E34000853,0
E34000854,0
E34000855,0
E34000856,0
E34000857,0
E34000858,0
E34000859,0
E34000860,0
E34000861,0
E34000862,0
E34000863,0
E34000864,0
E34000865,0
E34000866,0
E34000867,0
E34000868,0
E34000869,0
E34000870,0
E34000871,0
E34000872,0
E34000873,0
E34000874,0
E34000875,0
E34000876,0
E34000877,0
E34000878,0
E34000879,0
E34000880,0
E34000881,0
E34000882,0
E34000883,0
E34000884,0
E34000885,0
E34000886,0
E34000887,0
E34000888,0
E34000889,0
E34000890,0
E34000891,0
E34000892,0
E34000893,0
E34000894,0
E34000895,0
E34000896,0
E34000897,0
E34000898,0
E34000899,0
E34000900,0
E34000901,0
E34000902,0
E34000903,0
E34000904,0
E34000905,0
E34000906,0
E34000907,0
E34000908,0
E34000909,0
E34000910,0
E34000911,0
E34000912,0
E34000913,0
E34000914,0
E34000915,0
E34000916,0
E34000917,0
E34000918,0
E34000919,0
E34000920,0
E34000921,0
E34000922,0
E34000923,0
E34000924,0
E34000925,0
E34000926,0
E34000927,0
E34000928,0
E34000929,0
E34000930,0
E34000931,0
E34000932,0
E34000933,0
E34000934,0
E34000935,0
E34000936,0
E34000937,0
E34000938,0
E34000939,0
E34000940,0
E34000941,0
E34000942,0
E34000943,0
E34000944,0
E34000945,0
E34000946,0
E34000947,0
E34000948,0
E34000949,0
E34000950,0
E34000951,0
E34000952,0
E34000953,0
E34000954,0
E34000955,0
E34000956,0
E34000957,0
E34000958,0
E34000959,0
E34000960,0
E34000961,0
E34000962,0
E34000963,0
E34000964,0
E34000965,0
E34000966,0
E34000967,0
E34000968,0
E34000969,0
E34000970,0
E34000971,0
E34000972,0
E34000973,0
E34000974,0
E34000975,0
E34000976,0
E34000977,0
E34000978,0
E34000979,0
E34000980,0
E34000981,0
E34000982,0
E34000983,0
E34000984,0
E34000985,0
E34000986,0
E34000987,0
E34000988,0
E34000989,0
E34000990,0
E34000991,0
E34000992,0
E34000993,0
E34000994,0
E34000995,0
E34000996,0
E34000997,0
E34000998,0
E34000999,0
E34001000,0
E34001001,0
E34001002,0
E34001003,0
E34001004,0
E34001005,0
E34001006,0
E34001007,0
E34001008,0
E34001009,0
E34001010,0
E34001011,0
E34001012,0
E34001013,0
E34001014,0
E34001015,0
E34001016,0
E34001017,0
E34001018,0
E34001019,0
E34001020,0
E34001021,0
E34001022,0
E34001023,0
E34001024,0
E34001025,0
E34001026,0
E34001027,0
E34001028,0
E34001029,0
E34001030,0
E34001031,0
E34001032,0
E34001033,0
E34001034,0
E34001035,0
E34001036,0
E34001037,0
E34001038,0
E34001039,0
E34001040,0
E34001041,0
E34001042,0
E34001043,0
E34001044,0
E34001045,0
E34001046,0
E34001047,0
E34001048,0
E34001049,0
E34001050,0
E34001051,0
E34001052,0
E34001053,0
E34001054,0
E34001055,0
E34001056,0
E34001057,0
E34001058,0
E34001059,0
E34001060,0
E34001061,0
E34001062,0
E34001063,0
E34001064,0
E34001065,0
E34001066,0
E34001067,0
E34001068,0
E34001069,0
E34001070,0
E34001071,0
E34001072,0
E34001073,0
E34001074,0
E34001075,0
E34001076,0
E34001077,0
E34001078,0
E34001079,0
E34001080,0
E34001081,0
E34001082,0
E34001083,0
E34001084,0
E34001085,0
E34001086,0
E34001087,0
E34001088,0
E34001089,0
E34001090,0
E34001091,0
E34001092,0
E34001093,0
E34001094,0
E34001095,0
E34001096,0
E34001097,0
E34001098,0
E34001099,0
E34001100,0
E34001101,0
E34001102,0
E34001103,0
E34001104,0
E34001105,0
E34001106,0
E34001107,0
E34001108,0
E34001109,0
E34001110,0
E34001111,0
E34001112,0
E34001113,0
E34001114,0
E34001115,0
E34001116,0
E34001117,0
E34001118,0
E34001119,0
E34001120,0
E34001121,0
E34001122,0
E34001123,0
E34001124,0
E34001125,0
E34001126,0
E34001127,0
E34001128,0
E34001129,0
E34001130,0
E34001131,0
E34001132,0
E34001133,0
E34001134,0
E34001135,0
E34001136,0
E34001137,0
E34001138,0
E34001139,0
E34001140,0
E34001141,0
E34001142,0
E34001143,0
E34001144,0
E34001145,0
E34001146,0
E34001147,0
E34001148,0
E34001149,0
E34001150,0
E34001151,0
E34001152,0
E34001153,0
E34001154,0
E34001155,0
E34001156,0
E34001157,0
E34001158,0
E34001159,0
E34001160,0
E34001161,0
E34001162,0
E34001163,0
E34001164,0
E34001165,0
E34001166,0
E34001167,0
E34001168,0
E34001169,0
E34001170,0
E34001171,0
E34001172,0
E34001173,0
E34001174,0
E34001175,0
E34001176,0
E34001177,0
E34001178,0
E34001179,0
E34001180,0
E34001181,0
E34001182,0
E34001183,0
E34001184,0
E34001185,0
E34001186,0
E34001187,0
E34001188,0
E34001189,0
E34001190,0
E34001191,0
E34001192,0
E34001193,0
E34001194,0
E34001195,0
E34001196,0
E34001197,0
E34001198,0
E34001199,0
E34001200,0
E34001201,0
E34001202,0
E34001203,0
E34001204,0
E34001205,0
E34001206,0
E34001207,0
E34001208,0
E34001209,0
E34001210,0
E34001211,0
E34001212,0
E34001213,0
E34001214,0
E34001215,0
E34001216,0
E34001217,0
E34001218,0
E34001219,0
E34001220,0
E34001221,0
E34001222,0
E34001223,0
E34001224,0
E34001225,0
E34001226,0
E34001227,0
E34001228,0
E34001229,0
E34001230,0
E34001231,0
E34001232,0
E34001233,0
E34001234,0
E34001235,0
E34001236,0
E34001237,0
E34001238,0
E34001239,0
E34001240,0
E34001241,0
E34001242,0
E34001243,0
E34001244,0
E34001245,0
E34001246,0
E34001247,0
E34001248,0
E34001249,0
E34001250,0
E34001251,0
E34001252,0
E34001253,0
E34001254,0
E34001255,0
E34001256,0
E34001257,0
E34001258,0
E34001259,0
E34001260,0
E34001261,0
E34001262,0
E34001263,0
E34001264,0
E34001265,0
E34001266,0
E34001267,0
E34001268,0
E34001269,0
E34001270,0
E34001271,0
E34001272,0
E34001273,0
E34001274,0
E34001275,0
E34001276,0
E34001277,0
E34001278,0
E34001279,0
E34001280,0
E34001281,0
E34001282,0
E34001283,0
E34001284,0
E34001285,0
E34001286,0
E34001287,0
E34001288,0
E34001289,0
E34001290,0
E34001291,0
E34001292,0
E34001293,0
E34001294,0
E34001295,0
E34001296,0
E34001297,0
E34001298,0
E34001299,0
E34001300,0
E34001301,0
E34001302,0
E34001303,0
E34001304,0
E34001305,0
E34001306,0
E34001307,0
E34001308,0
E34001309,0
E34001310,0
E34001311,0
E34001312,0
E34001313,0
E34001314,0
E34001315,0
E34001316,0
E34001317,0
E34001318,0
E34001319,0
E34001320,0
E34001321,0
E34001322,0
E34001323,0
E34001324,0
E34001325,0
E34001326,0
E34001327,0
E34001328,0
E34001329,0
E34001330,0
E34001331,0
E34001332,0
E34001333,0
E34001334,0
E34001335,0
E34001336,0
E34001337,0
E34001338,0
E34001339,0
E34001340,0
E34001341,0
E34001342,0
E34001343,0
E34001344,0
E34001345,0
E34001346,0
E34001347,0
E34001348,0
E34001349,0
E34001350,0
E34001351,0
E34001352,0
E34001353,0
E34001354,0
E34001355,0
E34001356,0
E34001357,0
E34001358,0
E34001359,0
E34001360,0
E34001361,0
E34001362,0
E34001363,0
E34001364,0
E34001365,0
E34001366,0
E34001367,0
E34001368,0
E34001369,0
E34001370,0
E34001371,0
E34001372,0
E34001373,0
E34001374,0
E34001375,0
E34001376,0
E34001377,0
E34001378,0
E34001379,0
E34001380,0
E34001381,0
E34001382,0
E34001383,0
E34001384,0
E34001385,0
E34001386,0
E34001387,0
E34001388,0
E34001389,0
E34001390,0
E34001391,0
E34001392,0
E34001393,0
E34001394,0
E34001395,0
E34001396,0
E34001397,0
E34001398,0
E34001399,0
E34001400,0
E34001401,0
E34001402,0
E34001403,0
E34001404,0
E34001405,0
E34001406,0
E34001407,0
E34001408,0
E34001409,0
E34001410,0
E34001411,0
E34001412,0
E34001413,0
E34001414,0
E34001415,0
E34001416,0
E34001417,0
E34001418,0
E34001419,0
E34001420,0
E34001421,0
E34001422,0
E34001423,0
E34001424,0
E34001425,0
E34001426,0
E34001427,0
E34001428,0
E34001429,0
E34001430,0
E34001431,0
E34001432,0
E34001433,0
E34001434,0
E34001435,0
E34001436,0
E34001437,0
E34001438,0
E34001439,0
E34001440,0
E34001441,0
E34001442,0
E34001443,0
E34001444,0
E34001445,0
E34001446,0
E34001447,0
E34001448,0
E34001449,0
E34001450,0
E34001451,0
E34001452,0
E34001453,0
E34001454,0
E34001455,0
E34001456,0
E34001457,0
E34001458,0
E34001459,0
E34001460,0
E34001461,0
E34001462,0
E34001463,0
E34001464,0
E34001465,0
E34001466,0
E34001467,0
E34001468,0
E34001469,0
E34001470,0
E34001471,0
E34001472,0
E34001473,0
E34001474,0
E34001475,0
E34001476,0
E34001477,0
E34001478,0
E34001479,0
E34001480,0
E34001481,0
E34001482,0
E34001483,0
E34001484,0
E34001485,0
E34001486,0
E34001487,0
E34001488,0
E34001489,0
E34001490,0
E34001491,0
E34001492,0
E34001493,0
E34001494,0
E34001495,0
E34001496,0
E34001497,0
E34001498,0
E34001499,0
E34001500,0
E34001501,0
E34001502,0
E34001503,0
E34001504,0
E34001505,0
E34001506,0
E34001507,0
E34001508,0
E34001509,0
E34001510,0
E34001511,0
E34001512,0
E34001513,0
E34001514,0
E34001515,0
E34001516,0
E34001517,0
E34001518,0
E34001519,0
E34001520,0
E34001521,0
E34001522,0
E34001523,0
E34001524,0
E34001525,0
E34001526,0
E34001527,0
E34001528,0
E34001529,0
E34001530,0
E34001531,0
E34001532,0
E34001533,0
E34001534,0
E34001535,0
E34001536,0
E34001537,0
E34001538,0
E34001539,0
E34001540,0
E34001541,0
E34001542,0
E34001543,0
E34001544,0
E34001545,0
E34001546,0
E34001547,0
E34001548,0
E34001549,0
E34001550,0
E34001551,0
E34001552,0
E34001553,0
E34001554,0
E34001555,0
E34001556,0
E34001557,0
E34001558,0
E34001559,0
E34001560,0
E34001561,0
E34001562,0
E34001563,0
E34001564,0
E34001565,0
E34001566,0
E34001567,0
E34001568,0
E34001569,0
E34001570,0
E34001571,0
E34001572,0
E34001573,0
E34001574,0
E34001575,0
E34001576,0
E34001577,0
E34001578,0
E34001579,0
E34001580,0
E34001581,0
E34001582,0
E34001583,0
E34001584,0
E34001585,0
E34001586,0
E34001587,0
E34001588,0
E34001589,0
E34001590,0
E34001591,0
E34001592,0
E34001593,0
E34001594,0
E34001595,0
E34001596,0
E34001597,0
E34001598,0
E34001599,0
E34001600,0
E34001601,0
E34001602,0
E34001603,0
E34001604,0
E34001605,0
E34001606,0
E34001607,0
E34001608,0
E34001609,0
E34001610,0
E34001611,0
E34001612,0
E34001613,0
E34001614,0
E34001615,0
E34001616,0
E34001617,0
E34001618,0
E34001619,0
E34001620,0
E34001621,0
E34001622,0
E34001623,0
E34001624,0
E34001625,0
E34001626,0
E34001627,0
E34001628,0
E34001629,0
E34001630,0
E34001631,0
E34001632,0
E34001633,0
E34001634,0
E34001635,0
E34001636,0
E34001637,0
E34001638,0
E34001639,0
E34001640,0
E34001641,0
E34001642,0
E34001643,0
E34001644,0
E34001645,0
E34001646,0
E34001647,0
E34001648,0
E34001649,0
E34001650,0
E34001651,0
E34001652,0
E34001653,0
E34001654,0
E34001655,0
E34001656,0
E34001657,0
E34001658,0
E34001659,0
E34001660,0
E34001661,0
E34001662,0
E34001663,0
E34001664,0
E34001665,0
E34001666,0
E34001667,0
E34001668,0
E34001669,0
E34001670,0
E34001671,0
E34001672,0
E34001673,0
E34001674,0
E34001675,0
E34001676,0
E34001677,0
E34001678,0
E34001679,0
E34001680,0
E34001681,0
E34001682,0
E34001683,0
E34001684,0
E34001685,0
E34001686,0
E34001687,0
E34001688,0
E34001689,0
E34001690,0
E34001691,0
E34001692,0
E34001693,0
E34001694,0
E34001695,0
E34001696,0
E34001697,0
E34001698,0
E34001699,0
E34001700,0
E34001701,0
E34001702,0
E34001703,0
E34001704,0
E34001705,0
E34001706,0
E34001707,0
E34001708,0
E34001709,0
E34001710,0
E34001711,0
E34001712,0
E34001713,0
E34001714,0
E34001715,0
E34001716,0
E34001717,0
E34001718,0
E34001719,0
E34001720,0
E34001721,0
E34001722,0
E34001723,0
E34001724,0
E34001725,0
E34001726,0
E34001727,0
E34001728,0
E34001729,0
E34001730,0
E34001731,0
E34001732,0
E34001733,0
E34001734,0
E34001735,0
E34001736,0
E34001737,0
E34001738,0
E34001739,0
E34001740,0
E34001741,0
E34001742,0
E34001743,0
E34001744,0
E34001745,0
E34001746,0
E34001747,0
E34001748,0
E34001749,0
E34001750,0
E34001751,0
E34001752,0
E34001753,0
E34001754,0
E34001755,0
E34001756,0
E34001757,0
E34001758,0
E34001759,0
E34001760,0
E34001761,0
E34001762,0
E34001763,0
E34001764,0
E34001765,0
E34001766,0
E34001767,0
E34001768,0
E34001769,0
E34001770,0
E34001771,0
E34001772,0
E34001773,0
E34001774,0
E34001775,0
E34001776,0
E34001777,0
E34001778,0
E34001779,0
E34001780,0
E34001781,0
E34001782,0
E34001783,0
E34001784,0
E34001785,0
E34001786,0
E34001787,0
E34001788,0
E34001789,0
E34001790,0
E34001791,0
E34001792,0
E34001793,0
E34001794,0
E34001795,0
E34001796,0
E34001797,0
E34001798,0
E34001799,0
E34001800,0
E34001801,0
E34001802,0
E34001803,0
E34001804,0
E34001805,0
E34001806,0
E34001807,0
E34001808,0
E34001809,0
E34001810,0
E34001811,0
E34001812,0
E34001813,0
E34001814,0
E34001815,0
E34001816,0
E34001817,0
E34001818,0
E34001819,0
E34001820,0
E34001821,0
E34001822,0
E34001823,0
E34001824,0
E34001825,0
E34001826,0
E34001827,0
E34001828,0
E34001829,0
E34001830,0
E34001831,0
E34001832,0
E34001833,0
E34001834,0
E34001835,0
E34001836,0
E34001837,0
E34001838,0
E34001839,0
E34001840,0
E34001841,0
E34001842,0
E34001843,0
E34001844,0
E34001845,0
E34001846,0
E34001847,0
E34001848,0
E34001849,0
E34001850,0
E34001851,0
E34001852,0
E34001853,0
E34001854,0
E34001855,0
E34001856,0
E34001857,0
E34001858,0
E34001859,0
E34001860,0
E34001861,0
E34001862,0
E34001863,0
E34001864,0
E34001865,0
E34001866,0
E34001867,0
E34001868,0
E34001869,0
E34001870,0
E34001871,0
E34001872,0
E34001873,0
E34001874,0
E34001875,0
E34001876,0
E34001877,0
E34001878,0
E34001879,0
E34001880,0
E34001881,0
E34001882,0
E34001883,0
E34001884,0
E34001885,0
E34001886,0
E34001887,0
E34001888,0
E34001889,0
E34001890,0
E34001891,0
E34001892,0
E34001893,0
E34001894,0
E34001895,0
E34001896,0
E34001897,0
E34001898,0
E34001899,0
E34001900,0
E34001901,0
E34001902,0
E34001903,0
E34001904,0
E34001905,0
E34001906,0
E34001907,0
E34001908,0
E34001909,0
E34001910,0
E34001911,0
E34001912,0
E34001913,0
E34001914,0
E34001915,0
E34001916,0
E34001917,0
E34001918,0
E34001919,0
E34001920,0
E34001921,0
E34001922,0
E34001923,0
E34001924,0
E34001925,0
E34001926,0
E34001927,0
E34001928,0
E34001929,0
E34001930,0
E34001931,0
E34001932,0
E34001933,0
E34001934,0
E34001935,0
E34001936,0
E34001937,0
E34001938,0
E34001939,0
E34001940,0
E34001941,0
E34001942,0
E34001943,0
E34001944,0
E34001945,0
E34001946,0
E34001947,0
E34001948,0
E34001949,0
E34001950,0
E34001951,0
E34001952,0
E34001953,0
E34001954,0
E34001955,0
E34001956,0
E34001957,0
E34001958,0
E34001959,0
E34001960,0
E34001961,0
E34001962,0
E34001963,0
E34001964,0
E34001965,0
E34001966,0
E34001967,0
E34001968,0
E34001969,0
E34001970,0
E34001971,0
E34001972,0
E34001973,0
E34001974,0
E34001975,0
E34001976,0
E34001977,0
E34001978,0
E34001979,0
E34001980,0
E34001981,0
E34001982,0
E34001983,0
E34001984,0
E34001985,0
E34001986,0
E34001987,0
E34001988,0
E34001989,0
E34001990,0
E34001991,0
E34001992,0
E34001993,0
E34001994,0
E34001995,0
E34001996,0
E34001997,0
E34001998,0
E34001999,0
E34002000,0
E34002001,0
E34002002,0
E34002003,0
E34002004,0
E34002005,0
E34002006,0
E34002007,0
E34002008,0
E34002009,0
E34002010,0
E34002011,0
E34002012,0
E34002013,0
E34002014,0
E34002015,0
E34002016,0
E34002017,0
E34002018,0
E34002019,0
E34002020,0
E34002021,0
E34002022,0
E34002023,0
E34002024,0
E34002025,0
E34002026,0
E34002027,0
E34002028,0
E34002029,0
E34002030,0
E34002031,0
E34002032,0
E34002033,0
E34002034,0
E34002035,0
E34002036,0
E34002037,0
E34002038,0
E34002039,0
E34002040,0
E34002041,0
E34002042,0
E34002043,0
E34002044,0
E34002045,0
E34002046,0
E34002047,0
E34002048,0
E34002049,0
E34002050,0
E34002051,0
E34002052,0
E34002053,0
E34002054,0
E34002055,0
E34002056,0
E34002057,0
E34002058,0
E34002059,0
E34002060,0
E34002061,0
E34002062,0
E34002063,0
E34002064,0
E34002065,0
E34002066,0
E34002067,0
E34002068,0
E34002069,0
E34002070,0
E34002071,0
E34002072,0
E34002073,0
E34002074,0
E34002075,0
E34002076,0
E34002077,0
E34002078,0
E34002079,0
E34002080,0
E34002081,0
E34002082,0
E34002083,0
E34002084,0
E34002085,0
E34002086,0
E34002087,0
E34002088,0
E34002089,0
E34002090,0
E34002091,0
E34002092,0
E34002093,0
E34002094,0
E34002095,0
E34002096,0
E34002097,0
E34002098,0
E34002099,0
E34002100,0
E34002101,0
E34002102,0
E34002103,0
E34002104,0
E34002105,0
E34002106,0
E34002107,0
E34002108,0
E34002109,0
E34002110,0
E34002111,0
E34002112,0
E34002113,0
E34002114,0
E34002115,0
E34002116,0
E34002117,0
E34002118,0
E34002119,0
E34002120,0
E34002121,0
E34002122,0
E34002123,0
E34002124,0
E34002125,0
E34002126,0
E34002127,0
E34002128,0
E34002129,0
E34002130,0
E34002131,0
E34002132,0
E34002133,0
E34002134,0
E34002135,0
E34002136,0
E34002137,0
E34002138,0
E34002139,0
E34002140,0
E34002141,0
E34002142,0
E34002143,0
E34002144,0
E34002145,0
E34002146,0
E34002147,0
E34002148,0
E34002149,0
E34002150,0
E34002151,0
E34002152,0
E34002153,0
E34002154,0
E34002155,0
E34002156,0
E34002157,0
E34002158,0
E34002159,0
E34002160,0
E34002161,0
E34002162,0
E34002163,0
E34002164,0
E34002165,0
E34002166,0
E34002167,0
E34002168,0
E34002169,0
E34002170,0
E34002171,0
E34002172,1
E34002173,0
E34002174,0
E34002175,0
E34002176,0
E34002177,0
E34002178,0
E34002179,0
E34002180,0
E34002181,0
E34002182,0
E34002183,0
E34002184,0
E34002185,0
E34002186,0
E34002187,0
E34002188,0
E34002189,0
E34002190,0
E34002191,0
E34002192,0
E34002193,0
E34002194,0
E34002195,0
E34002196,0
E34002197,0
E34002198,0
E34002199,0
E34002200,0
E34002201,0
E34002202,0
E34002203,0
E34002204,0
E34002205,0
E34002206,0
E34002207,0
E34002208,0
E34002209,0
E34002210,0
E34002211,0
E34002212,0
E34002213,0
E34002214,0
E34002215,0
E34002216,0
E34002217,0
E34002218,0
E34002219,0
E34002220,0
E34002221,0
E34002222,0
E34002223,0
E34002224,0
E34002225,0
E34002226,0
E34002227,0
E34002228,0
E34002229,0
E34002230,0
E34002231,0
E34002232,0
E34002233,0
E34002234,0
E34002235,0
E34002236,0
E34002237,0
E34002238,0
E34002239,0
E34002240,0
E34002241,0
E34002242,0
E34002243,0
E34002244,0
E34002245,0
E34002246,0
E34002247,0
E34002248,0
E34002249,0
E34002250,0
E34002251,0
E34002252,0
E34002253,0
E34002254,0
E34002255,0
E34002256,0
E34002257,0
E34002258,0
E34002259,0
E34002260,0
E34002261,0
E34002262,0
E34002263,0
E34002264,0
E34002265,0
E34002266,0
E34002267,0
E34002268,0
E34002269,0
E34002270,0
E34002271,0
E34002272,0
E34002273,0
E34002274,0
E34002275,0
E34002276,0
E34002277,0
E34002278,0
E34002279,0
E34002280,0
E34002281,0
E34002282,0
E34002283,0
E34002284,0
E34002285,0
E34002286,0
E34002287,0
E34002288,0
E34002289,0
E34002290,0
E34002291,0
E34002292,0
E34002293,0
E34002294,0
E34002295,0
E34002296,0
E34002297,0
E34002298,0
E34002299,0
E34002300,0
E34002301,0
E34002302,0
E34002303,0
E34002304,0
E34002305,0
E34002306,0
E34002307,0
E34002308,0
E34002309,0
E34002310,0
E34002311,0
E34002312,0
E34002313,0
E34002314,0
E34002315,0
E34002316,0
E34002317,0
E34002318,0
E34002319,0
E34002320,0
E34002321,0
E34002322,0
E34002323,0
E34002324,0
E34002325,0
E34002326,0
E34002327,0
E34002328,0
E34002329,0
E34002330,0
E34002331,0
E34002332,0
E34002333,0
E34002334,0
E34002335,0
E34002336,0
E34002337,0
E34002338,0
E34002339,0
E34002340,0
E34002341,0
E34002342,0
E34002343,0
E34002344,0
E34002345,0
E34002346,0
E34002347,0
E34002348,0
E34002349,0
E34002350,0
E34002351,0
E34002352,0
E34002353,0
E34002354,0
E34002355,0
E34002356,0
E34002357,0
E34002358,0
E34002359,0
E34002360,0
E34002361,0
E34002362,0
E34002363,0
E34002364,0
E34002365,0
E34002366,0
E34002367,0
E34002368,0
E34002369,0
E34002370,0
E34002371,0
E34002372,0
E34002373,0
E34002374,0
E34002375,0
E34002376,0
E34002377,0
E34002378,0
E34002379,0
E34002380,0
E34002381,0
E34002382,0
E34002383,0
E34002384,0
E34002385,0
E34002386,0
E34002387,0
E34002388,0
E34002389,0
E34002390,0
E34002391,0
E34002392,0
E34002393,0
E34002394,0
E34002395,0
E34002396,0
E34002397,0
E34002398,0
E34002399,0
E34002400,0
E34002401,0
E34002402,0
E34002403,0
E34002404,0
E34002405,0
E34002406,0
E34002407,0
E34002408,0
E34002409,0
E34002410,0
E34002411,0
E34002412,0
E34002413,0
E34002414,0
E34002415,0
E34002416,0
E34002417,0
E34002418,0
E34002419,0
E34002420,0
E34002421,0
E34002422,0
E34002423,0
E34002424,0
E34002425,0
E34002426,0
E34002427,0
E34002428,0
E34002429,0
E34002430,0
E34002431,0
E34002432,0
E34002433,0
E34002434,0
E34002435,0
E34002436,0
E34002437,0
E34002438,0
E34002439,0
E34002440,0
E34002441,0
E34002442,0
E34002443,0
E34002444,0
E34002445,0
E34002446,0
E34002447,0
E34002448,0
E34002449,0
E34002450,0
E34002451,0
E34002452,0
E34002453,0
E34002454,0
E34002455,0
E34002456,0
E34002457,0
E34002458,0
E34002459,0
E34002460,0
E34002461,0
E34002462,0
E34002463,0
E34002464,0
E34002465,0
E34002466,0
E34002467,0
E34002468,0
E34002469,0
E34002470,0
E34002471,0
E34002472,0
E34002473,0
E34002474,0
E34002475,0
E34002476,0
E34002477,0
E34002478,0
E34002479,0
E34002480,0
E34002481,0
E34002482,0
E34002483,0
E34002484,0
E34002485,0
E34002486,0
E34002487,0
E34002488,0
E34002489,0
E34002490,0
E34002491,0
E34002492,0
E34002493,0
E34002494,0
E34002495,0
E34002496,0
E34002497,0
E34002498,0
E34002499,0
E34002500,0
E34002501,0
E34002502,0
E34002503,0
E34002504,0
E34002505,0
E34002506,0
E34002507,0
E34002508,0
E34002509,0
E34002510,0
E34002511,0
E34002512,0
E34002513,0
E34002514,0
E34002515,0
E34002516,0
E34002517,0
E34002518,0
E34002519,0
E34002520,0
E34002521,0
E34002522,0
E34002523,0
E34002524,0
E34002525,0
E34002526,0
E34002527,0
E34002528,0
E34002529,0
E34002530,0
E34002531,0
E34002532,0
E34002533,0
E34002534,0
E34002535,0
E34002536,0
E34002537,0
E34002538,0
E34002539,0
E34002540,0
E34002541,0
E34002542,0
E34002543,0
E34002544,0
E34002545,0
E34002546,0
E34002547,0
E34002548,0
E34002549,0
E34002550,0
E34002551,0
E34002552,0
E34002553,0
E34002554,0
E34002555,0
E34002556,0
E34002557,0
E34002558,0
E34002559,0
E34002560,0
E34002561,0
E34002562,0
E34002563,0
E34002564,0
E34002565,0
E34002566,0
E34002567,0
E34002568,0
E34002569,0
E34002570,0
E34002571,0
E34002572,0
E34002573,0
E34002574,0
E34002575,0
E34002576,0
E34002577,0
E34002578,0
E34002579,0
E34002580,0
E34002581,0
E34002582,0
E34002583,0
E34002584,0
E34002585,0
E34002586,0
E34002587,0
E34002588,0
E34002589,0
E34002590,0
E34002591,0
E34002592,0
E34002593,0
E34002594,0
E34002595,0
E34002596,0
E34002597,0
E34002598,0
E34002599,0
E34002600,0
E34002601,0
E34002602,0
E34002603,0
E34002604,0
E34002605,0
E34002606,0
E34002607,0
E34002608,0
E34002609,0
E34002610,0
E34002611,0
E34002612,0
E34002613,0
E34002614,0
E34002615,0
E34002616,0
E34002617,0
E34002618,0
E34002619,0
E34002620,0
E34002621,0
E34002622,0
E34002623,0
E34002624,0
E34002625,0
E34002626,0
E34002627,0
E34002628,0
E34002629,0
E34002630,0
E34002631,0
E34002632,0
E34002633,0
E34002634,0
E34002635,0
E34002636,0
E34002637,0
E34002638,0
E34002639,0
E34002640,0
E34002641,0
E34002642,0
E34002643,0
E34002644,0
E34002645,0
E34002646,0
E34002647,0
E34002648,0
E34002649,0
E34002650,0
E34002651,0
E34002652,0
E34002653,0
E34002654,0
E34002655,0
E34002656,0
E34002657,0
E34002658,0
E34002659,0
E34002660,0
E34002661,0
E34002662,0
E34002663,0
E34002664,0
E34002665,0
E34002666,0
E34002667,0
E34002668,0
E34002669,0
E34002670,0
E34002671,0
E34002672,0
E34002673,0
E34002674,0
E34002675,0
E34002676,0
E34002677,0
E34002678,0
E34002679,0
E34002680,0
E34002681,0
E34002682,0
E34002683,0
E34002684,0
E34002685,0
E34002686,0
E34002687,0
E34002688,0
E34002689,0
E34002690,0
E34002691,0
E34002692,0
E34002693,0
E34002694,0
E34002695,0
E34002696,0
E34002697,0
E34002698,0
E34002699,0
E34002700,0
E34002701,0
E34002702,0
E34002703,0
E34002704,0
E34002705,0
E34002706,0
E34002707,0
E34002708,0
E34002709,0
E34002710,0
E34002711,0
E34002712,0
E34002713,0
E34002714,0
E34002715,0
E34002716,0
E34002717,0
E34002718,0
E34002719,0
E34002720,0
E34002721,0
E34002722,0
E34002723,0
E34002724,0
E34002725,0
E34002726,0
E34002727,0
E34002728,0
E34002729,0
E34002730,0
E34002731,0
E34002732,0
E34002733,0
E34002734,0
E34002735,0
E34002736,0
E34002737,0
E34002738,0
E34002739,0
E34002740,0
E34002741,0
E34002742,0
E34002743,0
E34002744,0
E34002745,0
E34002746,0
E34002747,0
E34002748,0
E34002749,0
E34002750,0
E34002751,0
E34002752,0
E34002753,0
E34002754,0
E34002755,0
E34002756,0
E34002757,0
E34002758,0
E34002759,0
E34002760,0
E34002761,0
E34002762,0
E34002763,0
E34002764,0
E34002765,0
E34002766,0
E34002767,0
E34002768,0
E34002769,0
E34002770,0
E34002771,0
E34002772,0
E34002773,0
E34002774,0
E34002775,0
E34002776,0
E34002777,0
E34002778,0
E34002779,0
E34002780,0
E34002781,0
E34002782,0
E34002783,0
E34002784,0
E34002785,0
E34002786,0
E34002787,0
E34002788,0
E34002789,0
E34002790,0
E34002791,0
E34002792,0
E34002793,0
E34002794,0
E34002795,0
E34002796,0
E34002797,0
E34002798,0
E34002799,0
E34002800,0
E34002801,0
E34002802,0
E34002803,0
E34002804,0
E34002805,0
E34002806,0
E34002807,0
E34002808,0
E34002809,0
E34002810,0
E34002811,0
E34002812,0
E34002813,0
E34002814,0
E34002815,0
E34002816,0
E34002817,0
E34002818,0
E34002819,0
E34002820,0
E34002821,0
E34002822,0
E34002823,0
E34002824,0
E34002825,0
E34002826,0
E34002827,0
E34002828,0
E34002829,0
E34002830,0
E34002831,0
E34002832,0
E34002833,0
E34002834,0
E34002835,0
E34002836,0
E34002837,0
E34002838,0
E34002839,0
E34002840,0
E34002841,0
E34002842,0
E34002843,0
E34002844,0
E34002845,0
E34002846,0
E34002847,0
E34002848,0
E34002849,0
E34002850,0
E34002851,0
E34002852,0
E34002853,0
E34002854,0
E34002855,0
E34002856,0
E34002857,0
E34002858,0
E34002859,0
E34002860,0
E34002861,0
E34002862,0
E34002863,0
E34002864,0
E34002865,0
E34002866,0
E34002867,0
E34002868,0
E34002869,0
E34002870,0
E34002871,0
E34002872,1
E34002873,0
E34002874,0
E34002875,0
E34002876,0
E34002877,0
E34002878,0
E34002879,0
E34002880,0
E34002881,0
E34002882,0
E34002883,0
E34002884,0
E34002885,0
E34002886,0
E34002887,0
E34002888,0
E34002889,0
E34002890,0
E34002891,0
E34002892,0
E34002893,0
E34002894,0
E34002895,0
E34002896,0
E34002897,0
E34002898,0
E34002899,0
E34002900,0
E34002901,0
E34002902,0
E34002903,0
E34002904,0
E34002905,0
E34002906,0
E34002907,0
E34002908,0
E34002909,0
E34002910,0
E34002911,0
E34002912,0
E34002913,0
E34002914,0
E34002915,0
E34002916,0
E34002917,0
E34002918,0
E34002919,0
E34002920,0
E34002921,0
E34002922,0
E34002923,0
E34002924,0
E34002925,0
E34002926,0
E34002927,0
E34002928,0
E34002929,0
E34002930,0
E34002931,0
E34002932,0
E34002933,0
E34002934,0
E34002935,0
E34002936,0
E34002937,0
E34002938,0
E34002939,0
E34002940,0
E34002941,0
E34002942,0
E34002943,0
E34002944,0
E34002945,0
E34002946,0
E34002947,0
E34002948,0
E34002949,0
E34002950,0
E34002951,0
E34002952,0
E34002953,0
E34002954,0
E34002955,0
E34002956,0
E34002957,0
E34002958,0
E34002959,0
E34002960,0
E34002961,0
E34002962,0
E34002963,0
E34002964,0
E34002965,0
E34002966,0
E34002967,0
E34002968,0
E34002969,0
E34002970,0
E34002971,0
E34002972,0
E34002973,0
E34002974,0
E34002975,0
E34002976,0
E34002977,0
E34002978,0
E34002979,0
E34002980,0
E34002981,0
E34002982,0
E34002983,0
E34002984,0
E34002985,0
E34002986,0
E34002987,0
E34002988,0
E34002989,0
E34002990,0
E34002991,0
E34002992,0
E34002993,0
E34002994,0
E34002995,0
E34002996,0
E34002997,0
E34002998,0
E34002999,0
E34003000,0
E34003001,0
E34003002,0
E34003003,0
E34003004,0
E34003005,0
E34003006,0
E34003007,0
E34003008,0
E34003009,0
E34003010,0
E34003011,0
E34003012,0
E34003013,0
E34003014,0
E34003015,0
E34003016,0
E34003017,0
E34003018,0
E34003019,0
E34003020,0
E34003021,0
E34003022,0
E34003023,0
E34003024,0
E34003025,0
E34003026,0
E34003027,0
E34003028,0
E34003029,0
E34003030,0
E34003031,0
E34003032,0
E34003033,0
E34003034,0
E34003035,0
E34003036,0
E34003037,0
E34003038,0
E34003039,0
E34003040,0
E34003041,0
E34003042,0
E34003043,0
E34003044,0
E34003045,0
E34003046,0
E34003047,0
E34003048,0
E34003049,0
E34003050,0
E34003051,0
E34003052,0
E34003053,0
E34003054,0
E34003055,0
E34003056,0
E34003057,0
E34003058,0
E34003059,0
E34003060,0
E34003061,0
E34003062,0
E34003063,0
E34003064,0
E34003065,0
E34003066,0
E34003067,0
E34003068,0
E34003069,0
E34003070,0
E34003071,0
E34003072,0
E34003073,0
E34003074,0
E34003075,0
E34003076,0
E34003077,0
E34003078,0
E34003079,0
E34003080,0
E34003081,0
E34003082,0
E34003083,0
E34003084,0
E34003085,0
E34003086,0
E34003087,0
E34003088,0
E34003089,0
E34003090,0
E34003091,0
E34003092,0
E34003093,0
E34003094,0
E34003095,0
E34003096,0
E34003097,0
E34003098,0
E34003099,0
E34003100,0
E34003101,0
E34003102,0
E34003103,0
E34003104,0
E34003105,0
E34003106,0
E34003107,0
E34003108,0
E34003109,0
E34003110,0
E34003111,0
E34003112,0
E34003113,0
E34003114,0
E34003115,0
E34003116,0
E34003117,0
E34003118,0
E34003119,0
E34003120,0
E34003121,0
E34003122,0
E34003123,0
E34003124,0
E34003125,0
E34003126,0
E34003127,0
E34003128,0
E34003129,0
E34003130,0
E34003131,0
E34003132,0
E34003133,0
E34003134,0
E34003135,0
E34003136,0
E34003137,0
E34003138,0
E34003139,0
E34003140,0
E34003141,0
E34003142,0
E34003143,0
E34003144,0
E34003145,0
E34003146,0
E34003147,0
E34003148,0
E34003149,0
E34003150,0
E34003151,0
E34003152,0
E34003153,0
E34003154,0
E34003155,0
E34003156,0
E34003157,0
E34003158,0
E34003159,0
E34003160,0
E34003161,0
E34003162,0
E34003163,0
E34003164,0
E34003165,0
E34003166,0
E34003167,0
E34003168,0
E34003169,0
E34003170,0
E34003171,0
E34003172,0
E34003173,0
E34003174,0
E34003175,0
E34003176,0
E34003177,1
E34003178,0
E34003179,0
E34003180,0
E34003181,0
E34003182,0
E34003183,0
E34003184,0
E34003185,0
E34003186,0
E34003187,0
E34003188,0
E34003189,0
E34003190,0
E34003191,0
E34003192,0
E34003193,0
E34003194,0
E34003195,0
E34003196,0
E34003197,0
E34003198,0
E34003199,0
E34003200,0
E34003201,0
E34003202,0
E34003203,0
E34003204,0
E34003205,0
E34003206,0
E34003207,0
E34003208,0
E34003209,0
E34003210,0
E34003211,0
E34003212,0
E34003213,0
E34003214,0
E34003215,0
E34003216,0
E34003217,0
E34003218,0
E34003219,0
E34003220,0
E34003221,0
E34003222,0
E34003223,0
E34003224,0
E34003225,0
E34003226,0
E34003227,0
E34003228,0
E34003229,0
E34003230,0
E34003231,0
E34003232,0
E34003233,0
E34003234,0
E34003235,0
E34003236,0
E34003237,0
E34003238,0
E34003239,0
E34003240,0
E34003241,0
E34003242,0
E34003243,0
E34003244,0
E34003245,0
E34003246,0
E34003247,0
E34003248,0
E34003249,0
E34003250,0
E34003251,0
E34003252,0
E34003253,0
E34003254,0
E34003255,0
E34003256,0
E34003257,0
E34003258,0
E34003259,0
E34003260,0
E34003261,0
E34003262,0
E34003263,0
E34003264,0
E34003265,0
E34003266,0
E34003267,0
E34003268,0
E34003269,0
E34003270,0
E34003271,0
E34003272,0
E34003273,0
E34003274,0
E34003275,0
E34003276,0
E34003277,0
E34003278,0
E34003279,0
E34003280,0
E34003281,0
E34003282,0
E34003283,0
E34003284,0
E34003285,0
E34003286,0
E34003287,0
E34003288,0
E34003289,0
E34003290,0
E34003291,0
E34003292,0
E34003293,0
E34003294,0
E34003295,0
E34003296,0
E34003297,0
E34003298,0
E34003299,0
E34003300,0
E34003301,0
E34003302,0
E34003303,0
E34003304,0
E34003305,0
E34003306,0
E34003307,0
E34003308,0
E34003309,0
E34003310,0
E34003311,0
E34003312,0
E34003313,0
E34003314,0
E34003315,0
E34003316,0
E34003317,0
E34003318,0
E34003319,0
E34003320,0
E34003321,0
E34003322,0
E34003323,0
E34003324,0
E34003325,0
E34003326,0
E34003327,0
E34003328,0
E34003329,0
E34003330,0
E34003331,0
E34003332,0
E34003333,0
E34003334,0
E34003335,0
E34003336,0
E34003337,0
E34003338,0
E34003339,0
E34003340,0
E34003341,0
E34003342,0
E34003343,0
E34003344,0
E34003345,0
E34003346,0
E34003347,0
E34003348,0
E34003349,0
E34003350,0
E34003351,0
E34003352,0
E34003353,0
E34003354,0
E34003355,0
E34003356,0
E34003357,0
E34003358,0
E34003359,0
E34003360,0
E34003361,0
E34003362,0
E34003363,0
E34003364,0
E34003365,0
E34003366,0
E34003367,0
E34003368,0
E34003369,0
E34003370,0
E34003371,0
E34003372,0
E34003373,0
E34003374,0
E34003375,0
E34003376,0
E34003377,0
E34003378,0
E34003379,0
E34003380,0
E34003381,0
E34003382,0
E34003383,0
E34003384,0
E34003385,0
E34003386,0
E34003387,0
E34003388,0
E34003389,0
E34003390,0
E34003391,0
E34003392,0
E34003393,0
E34003394,0
E34003395,0
E34003396,0
E34003397,0
E34003398,0
E34003399,0
E34003400,0
E34003401,0
E34003402,0
E34003403,0
E34003404,0
E34003405,0
E34003406,0
E34003407,0
E34003408,0
E34003409,0
E34003410,0
E34003411,0
E34003412,0
E34003413,0
E34003414,0
E34003415,0
E34003416,0
E34003417,0
E34003418,0
E34003419,0
E34003420,0
E34003421,0
E34003422,0
E34003423,0
E34003424,0
E34003425,0
E34003426,0
E34003427,0
E34003428,0
E34003429,0
E34003430,0
E34003431,0
E34003432,0
E34003433,0
E34003434,0
E34003435,0
E34003436,0
E34003437,0
E34003438,0
E34003439,0
E34003440,0
E34003441,0
E34003442,0
E34003443,0
E34003444,0
E34003445,0
E34003446,0
E34003447,0
E34003448,0
E34003449,0
E34003450,0
E34003451,0
E34003452,0
E34003453,0
E34003454,0
E34003455,0
E34003456,0
E34003457,0
E34003458,0
E34003459,0
E34003460,0
E34003461,0
E34003462,0
E34003463,0
E34003464,0
E34003465,0
E34003466,0
E34003467,0
E34003468,0
E34003469,0
E34003470,0
E34003471,0
E34003472,0
E34003473,0
E34003474,0
E34003475,0
E34003476,0
E34003477,0
E34003478,0
E34003479,0
E34003480,0
E34003481,0
E34003482,0
E34003483,0
E34003484,0
E34003485,0
E34003486,0
E34003487,0
E34003488,0
E34003489,0
E34003490,0
E34003491,0
E34003492,0
E34003493,0
E34003494,0
E34003495,0
E34003496,0
E34003497,0
E34003498,0
E34003499,0
E34003500,0
E34003501,0
E34003502,0
E34003503,0
E34003504,0
E34003505,0
E34003506,0
E34003507,0
E34003508,0
E34003509,0
E34003510,0
E34003511,0
E34003512,0
E34003513,0
E34003514,0
E34003515,0
E34003516,0
E34003517,0
E34003518,0
E34003519,0
E34003520,0
E34003521,0
E34003522,0
E34003523,0
E34003524,0
E34003525,0
E34003526,0
E34003527,0
E34003528,0
E34003529,0
E34003530,1
E34003531,0
E34003532,0
E34003533,0
E34003534,0
E34003535,0
E34003536,0
E34003537,0
E34003538,0
E34003539,0
E34003540,0
E34003541,0
E34003542,0
E34003543,0
E34003544,0
E34003545,0
E34003546,0
E34003547,0
E34003548,0
E34003549,0
E34003550,0
E34003551,0
E34003552,0
E34003553,0
E34003554,0
E34003555,0
E34003556,0
E34003557,0
E34003558,0
E34003559,0
E34003560,0
E34003561,0
E34003562,0
E34003563,0
E34003564,0
E34003565,0
E34003566,0
E34003567,0
E34003568,0
E34003569,0
E34003570,0
E34003571,0
E34003572,0
E34003573,0
E34003574,0
E34003575,0
E34003576,0
E34003577,0
E34003578,0
E34003579,0
E34003580,0
E34003581,0
E34003582,0
E34003583,0
E34003584,0
E34003585,0
E34003586,0
E34003587,0
E34003588,0
E34003589,0
E34003590,0
E34003591,0
E34003592,0
E34003593,0
E34003594,0
E34003595,0
E34003596,0
E34003597,0
E34003598,0
E34003599,0
E34003600,0
E34003601,0
E34003602,0
E34003603,0
E34003604,0
E34003605,0
E34003606,0
E34003607,0
E34003608,0
E34003609,0
E34003610,0
E34003611,0
E34003612,0
E34003613,0
E34003614,0
E34003615,0
E34003616,0
E34003617,0
E34003618,0
E34003619,0
E34003620,0
E34003621,0
E34003622,0
E34003623,0
E34003624,0
E34003625,0
E34003626,0
E34003627,0
E34003628,0
E34003629,0
E34003630,0
E34003631,0
E34003632,0
E34003633,0
E34003634,0
E34003635,0
E34003636,0
E34003637,0
E34003638,0
E34003639,0
E34003640,0
E34003641,0
E34003642,0
E34003643,0
E34003644,0
E34003645,0
E34003646,0
E34003647,0
E34003648,0
E34003649,0
E34003650,0
E34003651,0
E34003652,0
E34003653,0
E34003654,0
E34003655,0
E34003656,0
E34003657,0
E34003658,0
E34003659,0
E34003660,0
E34003661,0
E34003662,0
E34003663,0
E34003664,0
E34003665,0
E34003666,0
E34003667,0
E34003668,0
E34003669,0
E34003670,0
E34003671,0
E34003672,0
E34003673,0
E34003674,0
E34003675,0
E34003676,0
E34003677,0
E34003678,0
E34003679,0
E34003680,0
E34003681,0
E34003682,0
E34003683,0
E34003684,0
E34003685,0
E34003686,0
E34003687,0
E34003688,0
E34003689,0
E34003690,0
E34003691,0
E34003692,0
E34003693,0
E34003694,0
E34003695,0
E34003696,0
E34003697,0
E34003698,0
E34003699,0
E34003700,0
E34003701,0
E34003702,0
E34003703,0
E34003704,0
E34003705,0
E34003706,0
E34003707,0
E34003708,0
E34003709,0
E34003710,0
E34003711,0
E34003712,0
E34003713,0
E34003714,0
E34003715,0
E34003716,0
E34003717,0
E34003718,0
E34003719,0
E34003720,0
E34003721,0
E34003722,0
E34003723,0
E34003724,0
E34003725,0
E34003726,0
E34003727,0
E34003728,0
E34003729,0
E34003730,0
E34003731,0
E34003732,0
E34003733,0
E34003734,0
E34003735,0
E34003736,0
E34003737,0
E34003738,0
E34003739,0
E34003740,0
E34003741,0
E34003742,0
E34003743,0
E34003744,0
E34003745,0
E34003746,0
E34003747,0
E34003748,0
E34003749,0
E34003750,0
E34003751,0
E34003752,0
E34003753,0
E34003754,0
E34003755,0
E34003756,0
E34003757,0
E34003758,0
E34003759,0
E34003760,0
E34003761,0
E34003762,0
E34003763,0
E34003764,0
E34003765,0
E34003766,0
E34003767,0
E34003768,0
E34003769,0
E34003770,0
E34003771,0
E34003772,0
E34003773,0
E34003774,0
E34003775,0
E34003776,0
E34003777,0
E34003778,0
E34003779,0
E34003780,0
E34003781,0
E34003782,0
E34003783,0
E34003784,0
E34003785,0
E34003786,0
E34003787,0
E34003788,0
E34003789,0
E34003790,0
E34003791,0
E34003792,0
E34003793,0
E34003794,0
E34003795,0
E34003796,0
E34003797,0
E34003798,0
E34003799,0
E34003800,0
E34003801,0
E34003802,0
E34003803,0
E34003804,0
E34003805,0
E34003806,0
E34003807,0
E34003808,0
E34003809,0
E34003810,0
E34003811,0
E34003812,0
E34003813,0
E34003814,0
E34003815,0
E34003816,0
E34003817,0
E34003818,0
E34003819,0
E34003820,0
E34003821,0
E34003822,0
E34003823,0
E34003824,0
E34003825,0
E34003826,0
E34003827,0
E34003828,0
E34003829,0
E34003830,0
E34003831,0
E34003832,0
E34003833,0
E34003834,0
E34003835,0
E34003836,0
E34003837,0
E34003838,0
E34003839,0
E34003840,0
E34003841,0
E34003842,0
E34003843,0
E34003844,0
E34003845,0
E34003846,0
E34003847,0
E34003848,0
E34003849,0
E34003850,0
E34003851,0
E34003852,0
E34003853,0
E34003854,0
E34003855,0
E34003856,0
E34003857,0
E34003858,0
E34003859,0
E34003860,0
E34003861,0
E34003862,0
E34003863,0
E34003864,0
E34003865,0
E34003866,0
E34003867,0
E34003868,0
E34003869,0
E34003870,0
E34003871,0
E34003872,0
E34003873,0
E34003874,0
E34003875,0
E34003876,0
E34003877,0
E34003878,0
E34003879,0
E34003880,0
E34003881,0
E34003882,0
E34003883,0
E34003884,0
E34003885,0
E34003886,0
E34003887,0
E34003888,0
E34003889,0
E34003890,0
E34003891,0
E34003892,0
E34003893,0
E34003894,0
E34003895,0
E34003896,0
E34003897,0
E34003898,0
E34003899,0
E34003900,0
E34003901,0
E34003902,0
E34003903,0
E34003904,0
E34003905,0
E34003906,0
E34003907,0
E34003908,0
E34003909,0
E34003910,0
E34003911,0
E34003912,0
E34003913,0
E34003914,0
E34003915,0
E34003916,0
E34003917,0
E34003918,0
E34003919,0
E34003920,0
E34003921,0
E34003922,0
E34003923,0
E34003924,0
E34003925,0
E34003926,0
E34003927,0
E34003928,0
E34003929,0
E34003930,0
E34003931,0
E34003932,0
E34003933,0
E34003934,0
E34003935,0
E34003936,0
E34003937,0
E34003938,0
E34003939,0
E34003940,0
E34003941,0
E34003942,0
E34003943,0
E34003944,0
E34003945,0
E34003946,0
E34003947,0
E34003948,0
E34003949,0
E34003950,0
E34003951,0
E34003952,0
E34003953,0
E34003954,0
E34003955,0
E34003956,0
E34003957,0
E34003958,0
E34003959,0
E34003960,0
E34003961,0
E34003962,0
E34003963,0
E34003964,0
E34003965,0
E34003966,0
E34003967,0
E34003968,0
E34003969,0
E34003970,0
E34003971,0
E34003972,0
E34003973,0
E34003974,0
E34003975,0
E34003976,0
E34003977,0
E34003978,0
E34003979,0
E34003980,0
E34003981,0
E34003982,0
E34003983,0
E34003984,0
E34003985,0
E34003986,0
E34003987,0
E34003988,0
E34003989,0
E34003990,0
E34003991,0
E34003992,0
E34003993,0
E34003994,0
E34003995,0
E34003996,0
E34003997,0
E34003998,0
E34003999,0
E34004000,0
E34004001,0
E34004002,0
E34004003,0
E34004004,0
E34004005,0
E34004006,0
E34004007,0
E34004008,0
E34004009,0
E34004010,0
E34004011,0
E34004012,0
E34004013,0
E34004014,0
E34004015,0
E34004016,0
E34004017,0
E34004018,0
E34004019,0
E34004020,0
E34004021,0
E34004022,0
E34004023,0
E34004024,0
E34004025,0
E34004026,0
E34004027,0
E34004028,0
E34004029,0
E34004030,0
E34004031,0
E34004032,0
E34004033,0
E34004034,0
E34004035,0
E34004036,0
E34004037,0
E34004038,0
E34004039,0
E34004040,0
E34004041,0
E34004042,0
E34004043,0
E34004044,0
E34004045,0
E34004046,0
E34004047,0
E34004048,0
E34004049,0
E34004050,0
E34004051,0
E34004052,0
E34004053,0
E34004054,0
E34004055,0
E34004056,0
E34004057,0
E34004058,0
E34004059,0
E34004060,0
E34004061,0
E34004062,0
E34004063,0
E34004064,0
E34004065,0
E34004066,0
E34004067,0
E34004068,0
E34004069,0
E34004070,0
E34004071,0
E34004072,0
E34004073,0
E34004074,0
E34004075,0
E34004076,0
E34004077,0
E34004078,0
E34004079,0
E34004080,0
E34004081,0
E34004082,0
E34004083,0
E34004084,0
E34004085,0
E34004086,0
E34004087,0
E34004088,0
E34004089,0
E34004090,0
E34004091,0
E34004092,0
E34004093,0
E34004094,0
E34004095,0
E34004096,0
E34004097,0
E34004098,0
E34004099,0
E34004100,0
E34004101,0
E34004102,0
E34004103,0
E34004104,0
E34004105,0
E34004106,0
E34004107,0
E34004108,0
E34004109,0
E34004110,0
E34004111,0
E34004112,0
E34004113,0
E34004114,0
E34004115,0
E34004116,0
E34004117,0
E34004118,0
E34004119,0
E34004120,0
E34004121,0
E34004122,0
E34004123,0
E34004124,0
E34004125,0
E34004126,0
E34004127,0
E34004128,0
E34004129,0
E34004130,0
E34004131,0
E34004132,0
E34004133,0
E34004134,0
E34004135,0
E34004136,0
E34004137,0
E34004138,0
E34004139,0
E34004140,0
E34004141,0
E34004142,0
E34004143,0
E34004144,0
E34004145,0
E34004146,0
E34004147,0
E34004148,0
E34004149,0
E34004150,0
E34004151,0
E34004152,0
E34004153,0
E34004154,0
E34004155,0
E34004156,0
E34004157,0
E34004158,0
E34004159,0
E34004160,0
E34004161,0
E34004162,0
E34004163,0
E34004164,0
E34004165,0
E34004166,0
E34004167,0
E34004168,0
E34004169,0
E34004170,0
E34004171,0
E34004172,0
E34004173,0
E34004174,0
E34004175,0
E34004176,0
E34004177,0
E34004178,0
E34004179,0
E34004180,0
E34004181,0
E34004182,0
E34004183,0
E34004184,0
E34004185,0
E34004186,0
E34004187,0
E34004188,0
E34004189,0
E34004190,0
E34004191,0
E34004192,0
E34004193,0
E34004194,0
E34004195,0
E34004196,0
E34004197,0
E34004198,0
E34004199,0
E34004200,0
E34004201,0
E34004202,0
E34004203,0
E34004204,0
E34004205,0
E34004206,0
E34004207,0
E34004208,0
E34004209,0
E34004210,0
E34004211,0
E34004212,0
E34004213,0
E34004214,0
E34004215,0
E34004216,0
E34004217,0
E34004218,0
E34004219,0
E34004220,0
E34004221,0
E34004222,0
E34004223,0
E34004224,0
E34004225,0
E34004226,0
E34004227,0
E34004228,0
E34004229,0
E34004230,0
E34004231,0
E34004232,0
E34004233,0
E34004234,0
E34004235,0
E34004236,0
E34004237,0
E34004238,0
E34004239,0
E34004240,0
E34004241,0
E34004242,0
E34004243,0
E34004244,0
E34004245,0
E34004246,0
E34004247,0
E34004248,0
E34004249,0
E34004250,0
E34004251,0
E34004252,0
E34004253,0
E34004254,0
E34004255,0
E34004256,0
E34004257,0
E34004258,0
E34004259,0
E34004260,0
E34004261,0
E34004262,0
E34004263,0
E34004264,0
E34004265,0
E34004266,0
E34004267,0
E34004268,0
E34004269,0
E34004270,0
E34004271,0
E34004272,0
E34004273,0
E34004274,0
E34004275,0
E34004276,0
E34004277,0
E34004278,0
E34004279,0
E34004280,0
E34004281,0
E34004282,0
E34004283,0
E34004284,0
E34004285,0
E34004286,0
E34004287,0
E34004288,0
E34004289,0
E34004290,0
E34004291,0
E34004292,0
E34004293,0
E34004294,0
E34004295,0
E34004296,0
E34004297,0
E34004298,0
E34004299,0
E34004300,0
E34004301,0
E34004302,0
E34004303,0
E34004304,0
E34004305,0
E34004306,0
E34004307,0
E34004308,0
E34004309,0
E34004310,0
E34004311,0
E34004312,0
E34004313,0
E34004314,0
E34004315,0
E34004316,0
E34004317,0
E34004318,0
E34004319,0
E34004320,0
E34004321,0
E34004322,0
E34004323,0
E34004324,0
E34004325,0
E34004326,0
E34004327,0
E34004328,0
E34004329,0
E34004330,0
E34004331,0
E34004332,0
E34004333,0
E34004334,0
E34004335,0
E34004336,0
E34004337,0
E34004338,0
E34004339,0
E34004340,0
E34004341,0
E34004342,0
E34004343,0
E34004344,0
E34004345,0
E34004346,0
E34004347,0
E34004348,0
E34004349,0
E34004350,0
E34004351,0
E34004352,0
E34004353,0
E34004354,0
E34004355,0
E34004356,0
E34004357,0
E34004358,0
E34004359,0
E34004360,0
E34004361,0
E34004362,0
E34004363,0
E34004364,0
E34004365,0
E34004366,0
E34004367,0
E34004368,0
E34004369,0
E34004370,0
E34004371,0
E34004372,0
E34004373,0
E34004374,0
E34004375,0
E34004376,0
E34004377,0
E34004378,0
E34004379,0
E34004380,0
E34004381,0
E34004382,0
E34004383,0
E34004384,0
E34004385,0
E34004386,0
E34004387,0
E34004388,0
E34004389,0
E34004390,0
E34004391,0
E34004392,0
E34004393,0
E34004394,0
E34004395,0
E34004396,0
E34004397,0
E34004398,0
E34004399,0
E34004400,0
E34004401,0
E34004402,0
E34004403,1
E34004404,1
E34004405,0
E34004406,0
E34004407,0
E34004408,0
E34004409,0
E34004410,0
E34004411,0
E34004412,0
E34004413,0
E34004414,0
E34004415,0
E34004416,0
E34004417,0
E34004418,0
E34004419,0
E34004420,0
E34004421,0
E34004422,0
E34004423,0
E34004424,0
E34004425,0
E34004426,0
E34004427,0
E34004428,0
E34004429,0
E34004430,0
E34004431,0
E34004432,0
E34004433,0
E34004434,0
E34004435,0
E34004436,0
E34004437,0
E34004438,0
E34004439,0
E34004440,0
E34004441,0
E34004442,0
E34004443,0
E34004444,0
E34004445,0
E34004446,0
E34004447,0
E34004448,0
E34004449,0
E34004450,0
E34004451,0
E34004452,0
E34004453,0
E34004454,0
E34004455,0
E34004456,0
E34004457,0
E34004458,0
E34004459,0
E34004460,0
E34004461,0
E34004462,0
E34004463,0
E34004464,0
E34004465,0
E34004466,0
E34004467,0
E34004468,0
E34004469,0
E34004470,0
E34004471,0
E34004472,0
E34004473,0
E34004474,0
E34004475,0
E34004476,0
E34004477,0
E34004478,0
E34004479,0
E34004480,0
E34004481,0
E34004482,0
E34004483,0
E34004484,0
E34004485,0
E34004486,0
E34004487,0
E34004488,0
E34004489,0
E34004490,0
E34004491,0
E34004492,0
E34004493,0
E34004494,0
E34004495,0
E34004496,0
E34004497,0
E34004498,0
E34004499,0
E34004500,0
E34004501,0
E34004502,0
E34004503,0
E34004504,0
E34004505,0
E34004506,0
E34004507,0
E34004508,0
E34004509,0
E34004510,0
E34004511,0
E34004512,0
E34004513,0
E34004514,0
E34004515,0
E34004516,0
E34004517,0
E34004518,0
E34004519,0
E34004520,0
E34004521,0
E34004522,0
E34004523,0
E34004524,0
E34004525,0
E34004526,0
E34004527,0
E34004528,0
E34004529,0
E34004530,0
E34004531,0
E34004532,0
E34004533,0
E34004534,0
E34004535,0
E34004536,0
E34004537,0
E34004538,0
E34004539,0
E34004540,0
E34004541,0
E34004542,0
E34004543,0
E34004544,0
E34004545,0
E34004546,0
E34004655,0
E34004709,0
E34005058,0
E34005059,0
E34005060,0
E34005061,0
E34005062,0
E34005063,0
E34005064,0
E34005065,0
E34005066,0
E34005067,0
E34005068,0
E34005069,0
E34005070,0
E34005071,0
E34005072,0
E34005073,0
E34005074,0
E34005075,0
E34005076,0
E34005077,0
E34005078,0
E34005079,0
E34005080,0
E34005081,0
E34005082,0
E34005083,0
E34005084,0
E34005085,0
E34005086,0
E34005087,0
E34005088,0
E34005089,0
E34005090,0
E34005091,0
E34005092,0
E34005093,0
E34005094,0
E34005095,0
E34005096,0
E34005097,0
E34005098,0
E34005099,0
E34005100,0
E34005101,0
E34005102,0
E34005103,0
E34005104,0
E34005105,0
E34005106,0
E34005107,0
E34005108,0
E34005109,0
E34005110,0
E34005111,0
E34005112,0
E34005113,0
E34005114,0
E34005115,0
E34005116,0
E34005117,0
E34005118,0
E34005119,0
E34005120,0
E34005121,0
E34005122,0
E34005123,0
E34005124,0
E34005125,0
E34005126,0
E34005127,0
E34005128,0
E34005129,0
E34005130,0
E34005131,0
E34005132,0
E34005133,0
E34005134,0
E34005135,0
E34005136,0
E34005137,0
E34005138,0
E34005139,0
E34005140,0
E34005141,0
E34005142,0
E34005143,0
E34005144,0
E34005145,0
E34005146,0
E34005147,0
E34005148,0
E34005149,0
E34005150,0
E34005151,0
E34005152,0
E34005153,0
E34005154,0
E34005155,0
E34005156,0
E34005157,0
E34005158,0
E34005159,0
E34005160,0
E34005161,0
E34005162,0
E34005163,0
E34005164,0
E34005165,0
E34005166,0
E34005167,0
E34005168,0
E34005169,0
E34005170,0
E34005171,0
E34005172,0
E34005173,0
E34005174,0
E34005175,0
E34005176,0
E34005177,0
E34005178,0
E34005179,0
E34005180,0
E34005181,0
E34005182,0
E34005183,0
E34005184,0
E34005185,0
E34005186,0
E34005187,0
E34005188,0
E34005189,0
E34005190,0
E34005191,0
E34005192,0
E34005193,0
E34005194,0
E34005195,0
E34005196,0
E34005197,0
E34005198,0
E34005199,0
E34005200,0
E34005201,0
E34005202,0
E34005203,0
E34005204,0
E34005205,0
E34005206,0
E34005207,0
E34005208,0
E34005209,0
E34005210,0
E34005211,0
E34005212,0
E34005213,0
E34005214,0
E34005215,0
E34005216,0
E34005217,0
E34005218,0
E34005219,0
E34005220,0
E34005221,0
E34005222,0
E34005223,0
E34005224,0
E34005225,0
E34005226,0
E34005227,0
E34005228,0
E34005229,0
E34005230,0
E34005231,0
E34005232,0
E34005233,0
E34005234,0
E34005235,0
E34005236,0
E34005237,0
E34005238,0
E34005239,0
E34005240,0
E34005241,0
E34005242,0
E34005243,0
E34005244,0
E34005245,0
E34005246,0
E34005247,0
E34005248,0
E34005249,0
E34005250,0
E34005251,0
E34005252,0
E34005253,0
E34005254,0
E34005255,0
E34005256,0
E34005257,0
E34005258,0
E34005259,0
E34005260,0
E34005261,0
E34005262,0
E34005263,0
E34005264,0
E34005265,0
E34005266,0
E34005267,0
E34005268,0
E34005269,0
E34005270,0
E34005271,0
E34005272,0
E34005273,0
E34005274,0
E34005275,0
E34005276,0
E34005277,0
E34005278,0
E34005279,0
E34005280,0
E34005281,0
E34005282,0
E34005283,0
E34005284,0
E34005285,0
E34005286,0
E34005287,0
E34005288,0
E34005289,0
E34005290,0
E34005291,0
E34005292,0
E34005293,0
E34005294,0
E34005295,0
E34005296,0
E34005297,0
E34005298,0
E34005299,0
E34005300,0
E34005301,0
E34005302,0
E34005303,0
E34005304,0
E34005305,0
E34005306,0
E34005307,0
E34005308,0
E34005309,0
E34005310,0
E34005311,0
E34005312,0
E34005313,0
E34005314,0
E34005315,0
E34005316,0
E34005317,0
E34005318,0
E34005319,0
E34005320,0
E34005321,0
E34005322,0
E34005323,0
E34005324,0
E34005325,0
E34005326,0
E34005327,0
E34005328,0
E34005329,0
E34005330,0
E34005331,0
E34005332,0
E34005333,0
E34005334,0
E34005335,0
E34005336,0
E34005337,0
E34005338,0
E34005339,0
E34005340,0
E34005341,0
E34005342,0
E34005343,0
E34005344,0
E34005345,0
E34005346,0
E34005347,0
E34005348,0
E34005349,0
E34005350,0
E34005351,0
E34005352,0
E34005353,0
E34005354,0
E34005355,0
E34005356,0
E34005357,0
E34005360,0
E35000001,0
E35000002,0
E35000003,0
E35000004,0
E35000005,0
E35000006,0
E35000007,0
E35000008,0
E35000009,0
E35000010,0
E35000011,0
E35000012,0
E35000013,0
E35000014,0
E35000015,0
E35000016,0
E35000017,0
E35000018,0
E35000019,0
E35000020,0
E35000021,0
E35000022,0
E35000023,0
E35000024,0
E35000025,0
E35000026,0
E35000027,0
E35000028,0
E35000029,0
E35000031,0
E35000032,0
E35000033,0
E35000034,0
E35000035,0
E35000036,0
E35000037,0
E35000038,0
E35000039,0
E35000040,0
E35000041,0
E35000042,0
E35000043,0
E35000044,0
E35000045,0
E35000046,0
E35000047,0
E35000048,0
E35000049,0
E35000050,0
E35000051,1
E35000052,0
E35000053,0
E35000054,0
E35000055,0
E35000056,0
E35000057,0
E35000058,1
E35000059,0
E35000060,0
E35000061,0
E35000062,0
E35000063,0
E35000064,0
E35000065,0
E35000066,0
E35000067,0
E35000068,0
E35000069,0
E35000070,0
E35000071,0
E35000072,0
E35000073,0
E35000074,1
E35000075,0
E35000076,0
E35000077,0
E35000078,0
E35000079,0
E35000080,0
E35000081,0
E35000082,0
E35000083,0
E35000084,0
E35000085,0
E35000086,0
E35000087,0
E35000088,0
E35000089,0
E35000090,0
E35000091,0
E35000092,0
E35000093,0
E35000094,0
E35000095,2
E35000096,0
E35000097,0
E35000098,0
E35000099,0
E35000100,0
E35000101,0
E35000102,0
E35000103,0
E35000104,0
E35000105,0
E35000106,0
E35000107,0
E35000108,0
E35000109,0
E35000110,0
E35000111,0
E35000112,0
E35000113,0
E35000114,0
E35000115,0
E35000116,0
E35000117,0
E35000118,0
E35000119,0
E35000120,0
E35000121,0
E35000122,0
E35000123,0
E35000124,0
E35000125,0
E35000126,0
E35000127,0
E35000128,0
E35000129,0
E35000130,0
E35000131,0
E35000132,0
E35000133,0
E35000134,0
E35000135,0
E35000136,0
E35000137,0
E35000138,0
E35000139,0
E35000140,0
E35000141,0
E35000142,0
E35000143,0
E35000144,0
E35000145,0
E35000146,0
E35000147,0
E35000148,0
E35000149,0
E35000150,0
E35000151,0
E35000152,0
E35000153,0
E35000154,0
E35000155,0
E35000156,0
E35000157,0
E35000158,0
E35000159,0
E35000160,0
E35000161,1
E35000162,0
E35000163,0
E35000164,0
E35000165,0
E35000166,0
E35000167,0
E35000168,0
E35000169,0
E35000170,0
E35000171,0
E35000172,0
E35000173,0
E35000174,0
E35000175,0
E35000176,0
E35000177,0
E35000178,0
E35000179,0
E35000180,0
E35000181,0
E35000182,0
E35000183,0
E35000184,0
E35000185,0
E35000186,0
E35000187,0
E35000188,0
E35000189,0
E35000190,0
E35000191,0
E35000192,0
E35000193,0
E35000194,0
E35000195,0
E35000196,0
E35000197,0
E35000198,0
E35000199,0
E35000200,0
E35000201,0
E35000202,0
E35000203,0
E35000204,0
E35000205,0
E35000206,0
E35000207,0
E35000208,0
E35000209,0
E35000210,0
E35000211,0
E35000212,0
E35000213,0
E35000214,0
E35000215,0
E35000216,0
E35000217,0
E35000218,0
E35000219,0
E35000220,0
E35000221,0
E35000222,0
E35000223,0
E35000224,0
E35000225,0
E35000226,0
E35000227,0
E35000228,0
E35000229,0
E35000230,0
E35000231,0
E35000232,0
E35000233,0
E35000234,0
E35000235,0
E35000236,0
E35000237,0
E35000238,0
E35000239,0
E35000240,0
E35000241,0
E35000242,0
E35000243,0
E35000244,0
E35000245,0
E35000246,0
E35000247,0
E35000248,0
E35000249,0
E35000250,0
E35000251,1
E35000252,0
E35000253,0
E35000254,0
E35000255,0
E35000256,0
E35000257,0
E35000258,0
E35000259,0
E35000260,0
E35000261,0
E35000262,0
E35000263,0
E35000264,0
E35000265,0
E35000266,0
E35000267,0
E35000268,0
E35000269,0
E35000270,0
E35000271,0
E35000272,0
E35000273,0
E35000274,0
E35000275,0
E35000276,0
E35000277,0
E35000278,0
E35000279,0
E35000280,0
E35000281,0
E35000282,0
E35000283,0
E35000284,0
E35000285,0
E35000286,0
E35000287,0
E35000288,0
E35000289,0
E35000290,0
E35000291,0
E35000292,0
E35000293,0
E35000294,0
E35000295,0
E35000296,0
E35000297,0
E35000298,0
E35000299,0
E35000300,0
E35000301,0
E35000302,0
E35000303,0
E35000304,0
E35000305,0
E35000306,0
E35000307,0
E35000308,0
E35000309,0
E35000310,0
E35000311,0
E35000312,0
E35000313,0
E35000314,0
E35000315,0
E35000316,1
E35000317,0
E35000318,0
E35000319,0
E35000320,0
E35000321,0
E35000322,0
E35000323,0
E35000324,0
E35000325,0
E35000326,0
E35000327,0
E35000328,0
E35000329,0
E35000330,0
E35000331,0
E35000332,0
E35000333,0
E35000334,0
E35000335,0
E35000336,0
E35000337,0
E35000338,0
E35000339,0
E35000340,0
E35000341,0
E35000342,0
E35000343,0
E35000344,0
E35000345,0
E35000346,0
E35000347,0
E35000348,0
E35000349,0
E35000351,0
E35000352,0
E35000353,0
E35000354,0
E35000355,0
E35000356,0
E35000357,0
E35000358,0
E35000359,0
E35000360,0
E35000361,0
E35000362,0
E35000363,0
E35000364,0
E35000365,0
E35000366,0
E35000367,0
E35000368,0
E35000369,0
E35000370,0
E35000371,0
E35000372,0
E35000373,0
E35000374,0
E35000375,0
E35000376,0
E35000377,0
E35000378,0
E35000379,0
E35000380,0
E35000381,0
E35000382,0
E35000383,0
E35000384,0
E35000385,0
E35000386,0
E35000387,0
E35000388,0
E35000389,0
E35000390,0
E35000391,0
E35000392,0
E35000393,0
E35000394,0
E35000395,0
E35000396,0
E35000397,0
E35000398,0
E35000399,0
E35000400,0
E35000401,0
E35000402,0
E35000403,0
E35000404,0
E35000405,0
E35000406,0
E35000407,0
E35000408,0
E35000409,0
E35000410,0
E35000411,0
E35000412,0
E35000413,0
E35000414,0
E35000415,0
E35000416,0
E35000417,0
E35000418,0
E35000419,2
E35000420,0
E35000421,0
E35000422,0
E35000423,0
E35000424,0
E35000425,0
E35000426,0
E35000427,0
E35000428,0
E35000429,0
E35000430,0
E35000431,0
E35000432,0
E35000433,0
E35000434,0
E35000435,0
E35000436,0
E35000437,0
E35000438,0
E35000439,0
E35000440,0
E35000441,0
E35000442,0
E35000443,0
E35000444,0
E35000445,0
E35000446,0
E35000447,0
E35000448,0
E35000449,0
E35000450,0
E35000451,0
E35000452,0
E35000453,0
E35000454,0
E35000455,0
E35000456,0
E35000457,0
E35000458,0
E35000459,0
E35000461,0
E35000462,1
E35000463,0
E35000464,0
E35000465,0
E35000466,0
E35000467,0
E35000468,0
E35000469,0
E35000470,0
E35000471,0
E35000472,0
E35000473,0
E35000474,0
E35000475,0
E35000476,0
E35000477,0
E35000478,0
E35000479,0
E35000480,0
E35000481,0
E35000482,0
E35000483,0
E35000484,0
E35000485,0
E35000486,2
E35000487,0
E35000488,0
E35000489,0
E35000490,0
E35000491,0
E35000492,0
E35000493,0
E35000494,0
E35000495,0
E35000496,0
E35000497,0
E35000498,0
E35000499,0
E35000500,0
E35000501,0
E35000502,1
E35000503,0
E35000504,0
E35000505,0
E35000506,0
E35000507,0
E35000508,0
E35000509,0
E35000510,0
E35000511,0
E35000512,0
E35000513,0
E35000514,0
E35000515,0
E35000516,0
E35000517,0
E35000518,0
E35000519,0
E35000520,0
E35000521,0
E35000522,0
E35000523,0
E35000524,0
E35000525,0
E35000526,0
E35000527,0
E35000528,0
E35000529,0
E35000530,0
E35000531,0
E35000532,0
E35000533,0
E35000534,0
E35000535,0
E35000536,0
E35000537,0
E35000538,0
E35000539,0
E35000540,0
E35000541,0
E35000542,0
E35000543,0
E35000544,0
E35000545,0
E35000546,7
E35000547,0
E35000548,0
E35000549,0
E35000550,0
E35000551,0
E35000552,0
E35000553,0
E35000554,0
E35000555,0
E35000556,0
E35000557,0
E35000558,0
E35000559,0
E35000560,0
E35000561,0
E35000562,0
E35000563,0
E35000564,0
E35000565,0
E35000566,0
E35000567,0
E35000568,0
E35000569,0
E35000570,0
E35000571,0
E35000572,0
E35000573,0
E35000574,0
E35000575,0
E35000576,0
E35000577,0
E35000578,0
E35000579,0
E35000580,0
E35000581,0
E35000582,0
E35000583,0
E35000584,0
E35000585,0
E35000586,0
E35000587,0
E35000588,0
E35000589,0
E35000590,0
E35000591,0
E35000592,0
E35000593,0
E35000594,0
E35000595,0
E35000596,0
E35000597,0
E35000598,0
E35000599,0
E35000600,0
E35000601,0
E35000602,0
E35000603,0
E35000604,0
E35000605,0
E35000606,0
E35000607,0
E35000608,0
E35000609,0
E35000610,0
E35000611,0
E35000612,0
E35000613,0
E35000614,0
E35000615,0
E35000616,0
E35000617,0
E35000618,0
E35000619,0
E35000620,0
E35000621,0
E35000622,0
E35000623,0
E35000624,0
E35000625,0
E35000626,0
E35000627,0
E35000628,0
E35000629,0
E35000630,0
E35000631,0
E35000632,0
E35000633,0
E35000634,0
E35000635,0
E35000636,0
E35000637,0
E35000638,0
E35000639,1
E35000640,0
E35000641,0
E35000642,0
E35000643,0
E35000644,0
E35000645,0
E35000646,0
E35000647,0
E35000648,0
E35000649,0
E35000650,0
E35000651,0
E35000652,0
E35000653,0
E35000654,0
E35000655,0
E35000656,0
E35000657,0
E35000658,0
E35000659,0
E35000660,0
E35000661,0
E35000662,0
E35000663,0
E35000664,0
E35000665,0
E35000666,0
E35000667,0
E35000668,0
E35000669,0
E35000670,0
E35000671,0
E35000672,0
E35000673,0
E35000674,0
E35000675,0
E35000676,0
E35000677,0
E35000678,0
E35000679,0
E35000680,0
E35000681,0
E35000682,0
E35000683,0
E35000684,0
E35000685,0
E35000686,0
E35000687,0
E35000688,0
E35000689,0
E35000690,0
E35000691,0
E35000692,0
E35000693,0
E35000694,0
E35000695,0
E35000696,0
E35000697,0
E35000698,0
E35000699,0
E35000700,1
E35000701,0
E35000702,0
E35000703,0
E35000704,0
E35000705,0
E35000706,0
E35000707,0
E35000708,0
E35000709,0
E35000710,0
E35000711,0
E35000712,0
E35000713,0
E35000714,0
E35000715,0
E35000716,0
E35000717,0
E35000718,0
E35000719,0
E35000720,0
E35000721,0
E35000722,0
E35000723,0
E35000724,0
E35000725,0
E35000726,0
E35000727,0
E35000728,0
E35000729,0
E35000730,0
E35000731,0
E35000732,0
E35000733,0
E35000734,0
E35000735,0
E35000736,0
E35000737,0
E35000738,0
E35000739,0
E35000740,0
E35000741,0
E35000742,0
E35000743,0
E35000744,0
E35000745,0
E35000746,0
E35000747,0
E35000748,0
E35000749,0
E35000750,0
E35000751,0
E35000752,0
E35000753,0
E35000754,0
E35000755,0
E35000756,0
E35000757,0
E35000758,2
E35000759,0
E35000760,0
E35000761,0
E35000762,0
E35000763,0
E35000764,0
E35000765,0
E35000766,0
E35000767,0
E35000768,0
E35000769,0
E35000770,0
E35000771,0
E35000772,0
E35000773,0
E35000774,0
E35000775,0
E35000776,0
E35000777,0
E35000778,0
E35000779,0
E35000780,0
E35000781,0
E35000782,0
E35000783,0
E35000784,0
E35000785,0
E35000786,0
E35000787,0
E35000788,0
E35000789,0
E35000790,0
E35000791,0
E35000792,0
E35000793,0
E35000794,0
E35000795,0
E35000796,0
E35000797,0
E35000798,0
E35000799,0
E35000800,0
E35000801,2
E35000802,0
E35000803,0
E35000804,0
E35000805,0
E35000806,0
E35000807,0
E35000808,0
E35000809,0
E35000810,0
E35000811,0
E35000812,0
E35000813,0
E35000814,0
E35000815,0
E35000816,0
E35000817,0
E35000818,0
E35000819,0
E35000820,0
E35000821,0
E35000823,0
E35000824,0
E35000825,0
E35000826,0
E35000827,0
E35000828,0
E35000829,0
E35000830,0
E35000831,0
E35000832,0
E35000833,0
E35000834,0
E35000835,0
E35000836,0
E35000837,0
E35000838,0
E35000839,1
E35000840,0
E35000841,0
E35000842,0
E35000843,0
E35000844,0
E35000845,0
E35000846,0
E35000847,0
E35000848,0
E35000849,0
E35000850,0
E35000851,0
E35000852,0
E35000853,0
E35000854,0
E35000855,0
E35000856,0
E35000857,0
E35000858,0
E35000859,0
E35000860,0
E35000861,0
E35000862,0
E35000863,0
E35000864,0
E35000865,11
E35000866,0
E35000867,0
E35000868,0
E35000869,0
E35000870,0
E35000871,0
E35000872,0
E35000873,0
E35000874,0
E35000875,0
E35000876,0
E35000877,0
E35000878,0
E35000879,0
E35000880,0
E35000881,0
E35000882,0
E35000883,0
E35000884,0
E35000885,0
E35000886,0
E35000887,0
E35000888,0
E35000889,0
E35000890,0
E35000891,0
E35000892,0
E35000893,0
E35000894,0
E35000895,0
E35000896,0
E35000897,0
E35000898,0
E35000899,0
E35000900,0
E35000901,0
E35000902,0
E35000903,0
E35000904,0
E35000905,0
E35000906,0
E35000907,0
E35000908,0
E35000909,0
E35000910,0
E35000911,0
E35000912,0
E35000913,0
E35000914,0
E35000915,0
E35000916,0
E35000917,0
E35000918,0
E35000919,0
E35000920,0
E35000921,0
E35000922,0
E35000923,0
E35000924,0
E35000925,0
E35000926,0
E35000927,0
E35000928,0
E35000929,0
E35000930,2
E35000931,0
E35000932,0
E35000933,0
E35000934,0
E35000935,0
E35000936,0
E35000937,0
E35000938,0
E35000939,0
E35000940,0
E35000941,0
E35000942,0
E35000943,0
E35000944,1
E35000945,0
E35000946,0
E35000947,0
E35000948,0
E35000949,0
E35000950,0
E35000951,0
E35000952,0
E35000953,0
E35000954,0
E35000955,0
E35000956,0
E35000957,0
E35000958,0
E35000959,0
E35000960,0
E35000961,0
E35000962,0
E35000963,1
E35000964,0
E35000965,0
E35000966,0
E35000967,0
E35000968,0
E35000969,0
E35000970,0
E35000971,0
E35000972,0
E35000973,0
E35000974,0
E35000975,0
E35000976,0
E35000977,0
E35000978,0
E35000979,0
E35000980,0
E35000981,0
E35000982,0
E35000983,0
E35000984,0
E35000985,0
E35000986,0
E35000987,0
E35000988,0
E35000989,0
E35000990,0
E35000991,0
E35000992,0
E35000993,0
E35000994,0
E35000995,0
E35000996,0
E35000997,0
E35000998,0
E35000999,0
E35001000,0
E35001001,0
E35001002,0
E35001003,0
E35001004,0
E35001005,0
E35001006,0
E35001007,0
E35001008,0
E35001009,0
E35001010,0
E35001011,0
E35001012,0
E35001013,0
E35001014,0
E35001015,0
E35001016,0
E35001017,0
E35001018,0
E35001019,0
E35001020,0
E35001021,0
E35001022,0
E35001023,0
E35001024,0
E35001025,0
E35001026,0
E35001027,0
E35001028,0
E35001029,0
E35001030,0
E35001031,0
E35001032,0
E35001033,0
E35001034,0
E35001035,1
E35001036,0
E35001037,0
E35001038,0
E35001040,0
E35001041,0
E35001042,0
E35001043,0
E35001044,0
E35001045,0
E35001046,0
E35001047,0
E35001048,0
E35001049,0
E35001050,0
E35001051,0
E35001052,0
E35001053,0
E35001054,0
E35001055,0
E35001056,0
E35001057,0
E35001058,0
E35001059,0
E35001060,0
E35001061,0
E35001062,0
E35001063,0
E35001064,0
E35001065,0
E35001066,0
E35001067,0
E35001068,0
E35001069,0
E35001070,0
E35001071,0
E35001072,0
E35001073,0
E35001074,0
E35001075,0
E35001076,0
E35001077,2
E35001078,1
E35001079,0
E35001080,0
E35001081,0
E35001082,0
E35001083,0
E35001084,0
E35001085,0
E35001086,0
E35001087,0
E35001088,0
E35001089,0
E35001090,0
E35001091,1
E35001092,0
E35001093,0
E35001094,0
E35001095,0
E35001096,0
E35001097,0
E35001098,0
E35001099,0
E35001100,0
E35001101,0
E35001102,0
E35001103,0
E35001104,0
E35001105,0
E35001106,0
E35001107,0
E35001108,0
E35001109,0
E35001110,0
E35001111,0
E35001112,0
E35001113,0
E35001114,0
E35001115,0
E35001116,0
E35001117,0
E35001118,0
E35001119,0
E35001120,0
E35001121,0
E35001122,0
E35001123,0
E35001124,0
E35001125,0
E35001126,0
E35001127,0
E35001128,0
E35001129,0
E35001130,0
E35001131,0
E35001132,0
E35001133,0
E35001134,0
E35001136,0
E35001137,0
E35001138,0
E35001139,0
E35001140,0
E35001141,0
E35001142,0
E35001143,0
E35001144,0
E35001145,0
E35001146,1
E35001147,0
E35001148,0
E35001149,0
E35001150,0
E35001151,0
E35001152,0
E35001153,0
E35001154,0
E35001155,0
E35001156,0
E35001157,0
E35001158,0
E35001159,0
E35001160,0
E35001161,0
E35001162,0
E35001163,0
E35001164,0
E35001165,0
E35001166,5
E35001167,0
E35001168,0
E35001169,0
E35001170,0
E35001171,0
E35001172,0
E35001173,0
E35001174,0
E35001175,0
E35001176,0
E35001177,0
E35001178,0
E35001179,2
E35001180,0
E35001181,0
E35001182,0
E35001183,0
E35001184,0
E35001185,0
E35001186,0
E35001187,0
E35001188,0
E35001189,0
E35001190,2
E35001191,0
E35001192,0
E35001193,0
E35001194,0
E35001195,0
E35001196,2
E35001197,0
E35001198,0
E35001199,1
E35001200,1
E35001201,1
E35001202,0
E35001203,0
E35001204,0
E35001205,0
E35001206,0
E35001207,0
E35001208,0
E35001209,0
E35001210,1
E35001211,1
E35001212,0
E35001213,0
E35001214,0
E35001215,0
E35001216,0
E35001217,0
E35001218,0
E35001219,0
E35001220,0
E35001221,0
E35001222,0
E35001223,0
E35001224,0
E35001225,0
E35001226,0
E35001227,0
E35001228,0
E35001229,0
E35001230,0
E35001231,0
E35001232,0
E35001233,0
E35001234,0
E35001235,0
E35001236,0
E35001237,2
E35001238,0
E35001239,0
E35001240,0
E35001241,0
E35001242,0
E35001243,0
E35001244,0
E35001245,0
E35001246,0
E35001247,0
E35001248,0
E35001249,0
E35001250,1
E35001251,0
E35001252,0
E35001253,0
E35001254,0
E35001255,1
E35001256,0
E35001257,0
E35001258,0
E35001259,0
E35001260,1
E35001261,2
E35001262,0
E35001263,0
E35001264,0
E35001265,0
E35001266,0
E35001267,0
E35001268,0
E35001269,0
E35001270,0
E35001271,0
E35001272,0
E35001273,0
E35001274,0
E35001275,0
E35001276,0
E35001277,0
E35001278,0
E35001279,0
E35001280,0
E35001281,1
E35001282,0
E35001283,0
E35001284,0
E35001285,0
E35001286,0
E35001287,0
E35001288,0
E35001289,0
E35001290,0
E35001291,0
E35001292,0
E35001293,0
E35001294,0
E35001295,0
E35001296,0
E35001297,0
E35001298,0
E35001299,0
E35001300,0
E35001301,0
E35001302,0
E35001303,0
E35001304,0
E35001305,0
E35001306,0
E35001307,0
E35001308,0
E35001309,0
E35001310,0
E35001311,0
E35001312,1
E35001313,1
E35001314,0
E35001315,0
E35001316,2
E35001317,0
E35001318,0
E35001319,0
E35001320,0
E35001321,0
E35001322,0
E35001323,0
E35001324,0
E35001325,1
E35001326,1
E35001327,0
E35001329,0
E35001330,0
E35001331,0
E35001332,0
E35001333,4
E35001334,0
E35001335,1
E35001336,0
E35001337,0
E35001338,0
E35001339,0
E35001340,0
E35001341,0
E35001342,0
E35001343,0
E35001344,0
E35001345,0
E35001346,0
E35001347,0
E35001348,0
E35001349,0
E35001350,0
E35001351,0
E35001352,0
E35001353,0
E35001354,0
E35001355,0
E35001356,0
E35001357,0
E35001358,1
E35001359,0
E35001360,0
E35001361,0
E35001362,0
E35001363,0
E35001364,0
E35001365,0
E35001366,0
E35001367,0
E35001368,0
E35001369,0
E35001370,0
E35001371,0
E35001372,0
E35001373,0
E35001374,0
E35001375,0
E35001376,2
E35001377,0
E35001378,0
E35001379,0
E35001380,0
E35001381,0
E35001382,0
E35001383,0
E35001384,0
E35001385,1
E35001386,0
E35001387,0
E35001388,0
E35001389,0
E35001390,0
E35001391,1
E35001392,0
E35001393,0
E35001394,1
E35001395,0
E35001396,0
E35001397,0
E35001398,3
E35001399,2
E35001400,0
E35001401,0
E35001402,2
E35001403,0
E35001404,0
E35001405,1
E35001406,0
E35001407,0
E35001408,0
E35001409,0
E35001410,0
E35001411,0
E35001412,0
E35001413,0
E35001414,0
E35001415,0
E35001416,0
E35001417,0
E35001418,0
E35001419,0
E35001420,0
E35001421,0
E35001422,0
E35001423,0
E35001424,0
E35001425,0
E35001426,0
E35001427,0
E35001428,0
E35001429,0
E35001430,0
E35001431,0
E35001432,0
E35001433,0
E35001434,0
E35001435,0
E35001436,0
E35001437,0
E35001438,0
E35001439,0
E35001440,0
E35001441,2
E35001442,0
E35001443,0
E35001444,0
E35001445,0
E35001446,0
E35001447,0
E35001448,0
E35001449,0
E35001450,0
E35001451,2
E35001452,1
E35001453,0
E35001454,0
E35001455,0
E35001456,0
E35001457,0
E35001458,0
E35001459,0
E35001460,0
E35001461,0
E35001462,0
E35001463,0
E35001464,0
E35001465,0
E35001466,0
E35001467,0
E35001468,0
E35001469,0
E35001470,4
E35001471,0
E35001472,0
E35001473,0
E35001474,0
E35001475,0
E35001476,0
E35001477,1
E35001478,0
E35001479,0
E35001480,0
E35001481,0
E35001482,0
E35001483,0
E35001484,0
E35001485,0
E35001486,0
E35001487,0
E35001488,0
E35001489,0
E35001490,0
E35001491,0
E35001492,0
E35001493,0
E35001494,0
E35001495,0
E35001496,0
E35001497,0
E35001498,0
E35001499,0
E35001500,0
E35001501,1
E35001502,0
E35001503,0
E35001504,1
E35001505,0
E35001506,0
E35001507,0
E35001508,0
E35001509,0
E35001510,3
E35001511,0
E35001512,0
E35001513,0
E35001514,0
E35001515,0
E35001516,1
E35001517,0
E35001518,0
E35001519,0
E35001520,0
E35001521,0
E35001522,0
E35001523,0
E35001524,0
E35001525,0
E35001526,0
E35001527,0
E35001528,0
E35001529,0
E35001530,0
E35001531,0
E35001532,0
E35001533,0
E35001534,0
E35001535,0
E35001536,0
E35001537,0
E35001538,0
E35001539,0
E35001541,0
E35001542,0
E35001543,0
E35001544,0
E35001545,0
E35001546,0
E35001547,0
E35001548,0
E35001549,0
E35001550,0
E35001551,0
E35001552,0
E35001553,0
E35001554,0
E35001555,0
E35001556,0
E35001557,0
E35001558,0
E35001559,0
E35001560,0
E35001561,0
E35001562,0
E35001563,0
E35001564,0
E35001565,0
E35001566,0
E35001567,0
E35001568,0
E35001569,0
E35001570,0
E35001571,0
E35001572,0
E35001573,0
E35001574,0
E35001575,0
E35001577,0
E35001578,0
E35001579,0
E35001580,0
E35001581,0
E35001582,0
E35001583,0
E35001584,0
E35001585,0
E35001586,0
E35001587,0
E35001588,0
E35001589,0
E35001590,0
E35001591,0
E35001592,0
E35001593,0
E35001594,0
E35001595,0
E35001596,0
E35001597,0
E35001598,0
E35001599,0
E35001600,0
E35001601,0
E35001602,0
E35001603,0
E35001604,0
E35001605,0
E35001606,0
E35001607,0
E35001608,0
E35001609,0
E35001610,0
E35001611,0
E35001612,0
E35001613,0
E35001614,0
E35001615,0
E35001616,0
E35001617,0
E35001618,0
E35001619,0
E35001620,0
E35001621,0
E35001622,0
E35001623,0
E35001624,0
E35001625,0
E35001626,0
E35001627,0
E35001628,0
E35001629,0
E35001630,0
E35001631,0
E35001632,0
E35001633,0
E35001634,0
E35001635,0
E35001636,0
E35001637,0
E35001638,0
E35001639,0
E35001640,0
E35001641,0
E35001642,0
E35001643,0
E35001644,0
E35001645,0
E35001646,0
E35001647,0
E35001648,0
E35001650,0
E35001651,0
E35001652,0
E35001653,0
E35001654,0
E35001655,0
E35001656,0
E35001657,0
E35001658,0
E35001659,0
E35001660,0
E35001661,0
E35001662,0
E35001663,0
E35001664,0
E35001665,0
E35001666,0
E35001667,0
E35001668,0
E35001669,0
E35001670,0
E35001671,0
E35001672,0
K05000001,0
K05000002,0
K05000003,0
K05000004,0
K05000005,0
K05000006,0
K05000007,0
K06000001,0
K06000002,0
K06000003,0
K06000004,1
W37000001,0
W37000002,0
W37000003,0
W37000004,0
W37000005,0
W37000006,0
W37000007,0
W37000008,0
W37000009,0
W37000010,0
W37000011,0
W37000012,0
W37000013,0
W37000014,0
W37000015,0
W37000016,0
W37000017,0
W37000018,0
W37000019,0
W37000020,0
W37000021,0
W37000022,0
W37000023,0
W37000024,0
W37000025,0
W37000026,0
W37000027,0
W37000028,0
W37000029,0
W37000030,0
W37000031,0
W37000032,0
W37000033,0
W37000034,0
W37000035,0
W37000036,0
W37000037,0
W37000038,0
W37000039,0
W37000040,0
W37000041,0
W37000042,0
W37000043,0
W37000044,0
W37000045,0
W37000046,0
W37000047,0
W37000048,0
W37000049,0
W37000050,0
W37000051,0
W37000052,0
W37000053,0
W37000054,0
W37000055,0
W37000056,0
W37000057,0
W37000058,0
W37000059,0
W37000060,0
W37000061,0
W37000062,0
W37000063,0
W37000064,0
W37000065,0
W37000066,0
W37000067,0
W37000068,0
W37000069,0
W37000070,0
W37000071,1
W37000072,0
W37000073,0
W37000074,0
W37000075,0
W37000076,0
W37000077,0
W37000078,0
W37000079,0
W37000080,0
W37000081,0
W37000082,0
W37000083,0
W37000084,0
W37000085,0
W37000086,0
W37000087,0
W37000088,0
W37000089,0
W37000090,0
W37000091,0
W37000092,0
W37000093,0
W37000094,0
W37000095,0
W37000096,0
W37000097,0
W37000098,0
W37000099,0
W37000100,0
W37000101,0
W37000102,0
W37000103,0
W37000104,0
W37000105,0
W37000106,0
W37000107,0
W37000108,0
W37000109,0
W37000110,0
W37000111,0
W37000112,0
W37000113,0
W37000114,0
W37000115,0
W37000116,0
W37000117,0
W37000118,0
W37000119,0
W37000120,0
W37000121,0
W37000122,0
W37000123,0
W37000124,0
W37000125,0
W37000126,0
W37000127,0
W37000128,0
W37000129,0
W37000130,0
W37000131,0
W37000132,0
W37000133,0
W37000134,0
W37000135,0
W37000136,0
W37000137,0
W37000138,0
W37000139,0
W37000140,0
W37000141,0
W37000142,0
W37000143,0
W37000144,0
W37000145,0
W37000146,0
W37000147,0
W37000148,0
W37000149,0
W37000150,0
W37000151,0
W37000152,0
W37000153,0
W37000154,0
W37000155,0
W37000156,0
W37000157,0
W37000158,0
W37000159,0
W37000160,0
W37000161,0
W37000162,0
W37000163,0
W37000164,0
W37000165,0
W37000166,0
W37000167,0
W37000168,0
W37000169,0
W37000170,0
W37000171,0
W37000172,0
W37000173,0
W37000174,0
W37000175,0
W37000176,0
W37000177,0
W37000178,0
W37000179,0
W37000180,0
W37000181,0
W37000182,0
W37000183,0
W37000184,0
W37000185,0
W37000186,0
W37000187,0
W37000188,0
W37000189,0
W37000190,0
W37000191,0
W37000192,0
W37000193,0
W37000194,0
W37000195,0
W37000196,0
W37000197,0
W37000198,0
W37000199,0
W37000200,0
W37000201,0
W37000202,0
W37000203,0
W37000204,0
W37000205,0
W37000206,0
W37000207,0
W37000208,0
W37000209,0
W37000210,0
W37000211,0
W37000212,0
W37000213,0
W37000214,0
W37000215,0
W37000216,0
W37000217,0
W37000218,0
W37000219,0
W37000220,0
W37000221,0
W37000222,0
W37000223,0
W37000224,0
W37000225,0
W37000226,0
W37000227,0
W37000228,0
W37000229,0
W37000230,0
W37000231,0
W37000232,0
W37000233,0
W37000234,0
W37000235,0
W37000236,0
W37000237,0
W37000238,0
W37000239,0
W37000240,0
W37000241,0
W37000242,0
W37000243,0
W37000244,0
W37000245,0
W37000246,0
W37000247,0
W37000248,0
W37000249,0
W37000250,0
W37000251,0
W37000252,0
W37000253,0
W37000254,0
W37000255,0
W37000256,0
W37000257,0
W37000258,0
W37000259,0
W37000260,0
W37000261,0
W37000262,0
W37000263,0
W37000264,0
W37000265,0
W37000266,0
W37000267,0
W37000268,0
W37000269,0
W37000270,0
W37000271,0
W37000272,0
W37000273,0
W37000274,0
W37000275,0
W37000276,0
W37000277,0
W37000278,0
W37000279,0
W37000280,0
W37000281,0
W37000282,0
W37000283,0
W37000284,0
W37000285,0
W37000286,0
W37000287,0
W37000288,0
W37000289,0
W37000290,0
W37000291,0
W37000292,0
W37000293,0
W37000294,0
W37000295,0
W37000296,0
W37000297,0
W37000298,0
W37000299,0
W37000300,0
W37000301,0
W37000302,0
W37000303,0
W37000304,0
W37000305,0
W37000306,0
W37000307,0
W37000308,0
W37000309,0
W37000310,0
W37000311,0
W37000312,0
W37000313,0
W37000314,0
W37000315,0
W37000316,0
W37000317,0
W37000318,0
W37000319,0
W37000320,0
W37000321,0
W37000322,0
W37000323,0
W37000324,0
W37000325,0
W37000326,0
W37000327,0
W37000328,0
W37000329,0
W37000330,0
W37000331,0
W37000332,0
W37000333,0
W37000334,0
W37000335,0
W37000336,0
W37000337,0
W37000338,0
W37000339,0
W37000340,0
W37000341,0
W37000342,0
W37000343,0
W37000344,0
W37000345,0
W37000346,0
W37000347,0
W37000348,0
W37000349,0
W37000350,0
W37000351,0
W37000352,0
W37000353,0
W37000354,0
W37000355,0
W37000356,0
W37000357,0
W37000358,0
W37000359,0
W37000360,0
W37000361,0
W37000362,0
W37000363,0
W37000364,0
W37000365,0
W37000366,0
W37000367,0
W37000368,0
W37000369,0
W37000370,0
W37000371,0
W37000372,0
W37000373,0
W37000374,0
W37000375,0
W37000428,0
W37000429,0
W37000430,0
W37000431,0
W37000432,0
W37000433,0
W37000434,0
W37000435,0
W37000436,0
W37000437,0
W37000438,0
W37000439,0
W37000440,0
W37000441,0
W37000442,0
W37000443,0
W37000444,0
W37000445,0
W37000446,0
W37000447,0
W37000448,0
W37000449,0
W37000450,0
W37000451,0
W37000452,0
W37000453,0
W37000454,0
W37000455,0
W37000456,0
W37000457,0
W37000458,0
W38000001,1
W38000002,0
W38000003,0
W38000004,0
W38000005,0
W38000006,0
W38000007,0
W38000008,0
W38000009,1
W38000010,0
W38000011,0
W38000012,0
W38000013,0
W38000014,0
W38000015,0
W38000016,0
W38000017,0
W38000018,0
W38000019,0
W38000020,0
W38000021,0
W38000022,0
W38000023,0
W38000024,0
W38000025,0
W38000026,0
W38000027,0
W38000028,0
W38000029,0
W38000030,0
W38000031,0
W38000032,0
W38000033,0
W38000034,0
W38000035,0
W38000036,0
W38000037,0
W38000038,0
W38000039,0
W38000040,0
W38000041,0
W38000042,0
W38000043,0
W38000044,0
W38000045,0
W38000046,0
W38000047,0
W38000048,0
W38000049,0
W38000050,0
W38000051,0
W38000052,0
W38000053,0
W38000054,0
W38000055,0
W38000056,0
W38000057,0
W38000058,0
W38000059,0
W38000060,0
W38000061,0
W38000062,0
W38000063,0
W38000064,0
W38000065,0
W38000066,0
W38000067,0
W38000068,0
W38000069,0
W38000070,0
W38000071,0
W38000072,0
W38000073,0
W38000074,0
W38000075,0
W38000076,0
W38000077,0
W38000078,0
W38000079,0
W38000080,0
W38000081,0
W38000082,0
W38000083,0
W38000084,0
W38000085,0
W38000086,0
W38000087,0
W38000088,0
W38000089,0
W38000090,0
W38000091,0
W38000092,0
W38000093,0
W38000094,0
W38000095,0
W38000096,0
W38000097,0
W38000098,0
W38000099,0
W38000100,0
W38000101,0
W38000102,0
W38000103,0
W38000104,0
W38000105,0
W38000106,0
W38000107,0
W38000108,0
W38000109,0
W38000110,0
W38000111,0
W38000112,0
W38000113,0
W38000114,0
W38000115,0
W38000116,0
W38000117,0
W38000118,0
W38000119,0
W38000120,0
W38000121,0
W38000122,0
W38000123,0
W38000124,0
W38000125,0
W38000126,0
W38000127,0
W38000128,0
W38000129,0
W38000130,2
W38000131,0
W38000132,0
W38000133,1
W38000134,0
W38000135,0
W38000136,0
W38000137,0
W38000138,0
W38000139,0
W38000140,0
W38000141,0
W38000142,0
W38000143,0
W38000144,0
W38000145,0
W38000146,0
W38000147,1
W38000148,0
W38000149,0
W38000150,0
W38000151,0
W38000152,0
W38000153,0
W38000154,0
W38000155,0
W38000156,0
W38000157,0
W38000158,0
W38000159,0
W38000160,0
